,ID,RELEASE_DATE_TIME,RELEASE_END_DATE_TIME,EVENT_NAME,PERIOD,SURVEY_MEDIAN,ACTUAL,PRIOR,REVISION,SCALING_FACTOR,RELEVANCY,TYPE,SUBTYPE,COUNTRY_NAME,RELEASE_STAGE,RELEASE_FREQ,SURPRISE,SURVEY_AVERAGE,SURVEY_HIGH,SURVEY_LOW,SURVEY_STANDARD_DEVIATION,NUMBER_OF_SURVEYS,TIMEZONE,SOURCE_NAME,CURRENCY,CONCEPT,"CALENDAR(dates=RANGE(2024-09-30,2024-10-31),relevancy='High',view='EXTENDED')"
1,KR Country,30/9/2024 9:00,30/9/2024 9:00,Industrial Production YoY,Aug,1.9,3.8,5.5,5.2,%,Very High,Economic Releases,Industrial Sector,South Korea,,M,1.642874179,1.569230769,3.3,-0.9,1.156509746,13,GMT+10:00,Statistics Korea,,,KOIPIY Index
2,KR Country,30/9/2024 9:00,30/9/2024 9:00,Industrial Production SA MoM,Aug,2.8,4.1,-3.6,-3.9,%,High,Economic Releases,Industrial Sector,South Korea,,M,0.789465075,2.445454545,5.2,-0.2,1.646684623,11,GMT+10:00,Statistics Korea,,,KOIPIMOM Index
3,JP Country,30/9/2024 9:50,30/9/2024 9:50,Industrial Production MoM,Aug P,-0.5,-3.3,3.1,,%,Very High,Economic Releases,Industrial Sector,Japan,Preliminary,M,-3.474975556,-0.537931034,0.8,-2.9,0.805761064,29,GMT+10:00,Ministry of Economy Trade and Industry Japan,,,JNIPMOM Index
4,JP Country,30/9/2024 9:50,30/9/2024 9:50,Industrial Production YoY,Aug P,-1.5,-4.9,2.9,,%,High,Economic Releases,Industrial Sector,Japan,Preliminary,M,-1.898047133,-0.947368421,3.6,-3,1.791314842,19,GMT+10:00,Ministry of Economy Trade and Industry Japan,,,JNIPYOY Index
5,JP Country,30/9/2024 9:50,30/9/2024 9:50,Retail Sales YoY,Aug,2.6,2.8,2.6,2.7,%,High,Economic Releases,Retail & Wholesale Sector,Japan,,M,0.288104066,2.5,3.8,0.2,0.694193605,21,GMT+10:00,Ministry of Economy Trade and Industry Japan,,,JNNETYOY Index
6,JP Country,30/9/2024 9:50,30/9/2024 9:50,Retail Sales MoM,Aug,0.5,0.8,0.2,,%,High,Economic Releases,Retail & Wholesale Sector,Japan,,M,0.534290637,0.58125,2.1,-0.4,0.561492153,16,GMT+10:00,Ministry of Economy Trade and Industry Japan,,,JNRETMOM Index
7,AU Country,30/9/2024 11:30,30/9/2024 11:30,Private Sector Credit MoM,Aug,0.5,,0.5,,%,High,Economic Releases,,Australia,,M,,0.46,0.6,0.3,0.071180522,15,GMT+10:00,Reserve Bank of Australia,,,OZCACRM% Index
8,AU Country,30/9/2024 11:30,30/9/2024 11:30,Private Sector Credit YoY,Aug,,,5.7,,%,High,Economic Releases,,Australia,,M,,,,,,0,GMT+10:00,Reserve Bank of Australia,,,OZCACRY% Index
9,CN Country,30/9/2024 11:30,30/9/2024 11:30,Manufacturing PMI,Sep,49.4,,49.1,,,Very High,Economic Releases,"Surveys/Cyclical Indicators, Purchasing Managers' Index",China,,M,,49.38181818,49.6,49.1,0.133608531,22,GMT+10:00,China Federation of Logistics & Purchasing,,,CPMINDX Index
10,CN Country,30/9/2024 11:30,30/9/2024 11:30,Non-manufacturing PMI,Sep,50.4,,50.3,,,High,Economic Releases,"Surveys/Cyclical Indicators, Purchasing Managers' Index",China,,M,,50.37692308,50.6,50,0.162451631,13,GMT+10:00,China Federation of Logistics & Purchasing,,,CPMINMAN Index
11,CN Country,30/9/2024 11:45,30/9/2024 11:45,Caixin China PMI Composite,Sep,,,51.2,,,High,Economic Releases,Purchasing Managers' Index,China,,M,,,,,,0,GMT+10:00,S&P Global,,,MPMICNCA Index
12,CN Country,30/9/2024 11:45,30/9/2024 11:45,Caixin China PMI Mfg,Sep,50.5,,50.4,,,Very High,Economic Releases,Purchasing Managers' Index,China,,M,,50.51428571,51,50.3,0.216653584,7,GMT+10:00,S&P Global,,,MPMICNMA Index
13,CN Country,30/9/2024 11:45,30/9/2024 11:45,Caixin China PMI Services,Sep,51.6,,51.6,,,High,Economic Releases,Purchasing Managers' Index,China,,M,,51.56,52,50.7,0.47581509,5,GMT+10:00,S&P Global,,,MPMICNSA Index
14,JP Country,30/9/2024 15:00,30/9/2024 15:00,Housing Starts YoY,Aug,-3.5,,-0.2,,%,High,Economic Releases,Housing and Real Estate,Japan,,M,,-2.827777778,2.1,-6,1.980405558,18,GMT+10:00,"Ministry of Land, Infrastructure and Transport",,,JNHSYOY Index
15,GB Country,30/9/2024 16:00,30/9/2024 16:00,Nationwide House PX MoM,Sep,0.2,,-0.2,,%,Very High,,,United Kingdom,,M,,0.228571429,0.4,0.1,0.103015751,7,GMT+10:00,Nationwide Building Society,,,UKNBAAMM Index
16,GB Country,30/9/2024 16:00,30/9/2024 16:00,Nationwide House Px NSA YoY,Sep,2.7,,2.4,,%,Very High,,,United Kingdom,,M,,2.657142857,2.8,2.5,0.117803018,7,GMT+10:00,Nationwide Building Society,,,UKNBANYY Index
17,GB Country,30/9/2024 16:00,30/9/2024 16:00,GDP QoQ,2Q F,0.6,,0.6,,%,Very High,,,United Kingdom,Final,Q,,0.6,0.6,0.6,1.11E-16,26,GMT+10:00,UK Office for National Statistics,,,UKGRABIQ Index
18,GB Country,30/9/2024 16:00,30/9/2024 16:00,GDP YoY,2Q F,0.9,,0.9,,%,Very High,,,United Kingdom,Final,Q,,0.894444444,0.9,0.8,0.022906142,18,GMT+10:00,UK Office for National Statistics,,,UKGRABIY Index
19,ZA Country,30/9/2024 16:00,30/9/2024 16:00,Money Supply M3 YoY,Aug,,,5.88,,%,High,Economic Releases,Monetary Sector,South Africa,,M,,,,,,2,GMT+10:00,South African Reserve Bank,ZAR,,SAMYM3Y Index
20,GB Country,30/9/2024 18:30,30/9/2024 18:30,Mortgage Approvals,Aug,63.85,,62,,k,Very High,,,United Kingdom,,M,,64.01428571,67.7,61.5,1.634825086,14,GMT+10:00,Bank of England,,,UKMSVTVX Index
21,IT Country,30/9/2024 19:00,30/9/2024 19:00,CPI EU Harmonized MoM,Sep P,1.2,,-0.1,-0.2,%,Very High,Economic Releases,Prices,Italy,Preliminary,M,,1.214,1.4,1,0.122327429,10,GMT+10:00,ISTAT,,,ITCPEM Index
22,IT Country,30/9/2024 19:00,30/9/2024 19:00,CPI EU Harmonized YoY,Sep P,0.8,,1.2,,%,Very High,Economic Releases,Prices,Italy,Preliminary,M,,0.822631579,1.1,0.6,0.147106911,19,GMT+10:00,ISTAT,,,ITCPEY Index
23,SA Country,30/9/2024 19:00,1/10/2024 1:00,SAMA Net Foreign Assets SAR,Aug,,,1612.66,,b,Very High,Economic Releases,,Saudi Arabia,,M,,,,,,0,GMT+10:00,Saudi Central Bank,SAR,,SAFASASR Index
24,BR Country,30/9/2024 21:30,30/9/2024 21:30,Net Debt % GDP,Aug,62.1,,61.9,,%,High,Economic Releases,Government Finance & Debt,Brazil,,M,,62.14,62.4,61.9,0.162480768,10,GMT+10:00,Banco Central do Brasil,,,BZDPNDT% Index
25,DE Country,30/9/2024 22:00,30/9/2024 22:00,CPI YoY,Sep P,1.7,,1.9,,%,Very High,Economic Releases,Prices,Germany,Preliminary,M,,1.672,2,1.5,0.114960863,25,GMT+10:00,German Federal Statistical Office,,,GRCP20YY Index
26,DE Country,30/9/2024 22:00,30/9/2024 22:00,CPI MoM,Sep P,0.05,,-0.1,,%,Very High,Economic Releases,Prices,Germany,Preliminary,M,,0.05625,0.2,-0.1,0.093332403,16,GMT+10:00,German Federal Statistical Office,,,GRCP20MM Index
27,DE Country,30/9/2024 22:00,30/9/2024 22:00,CPI EU Harmonized MoM,Sep P,-0.05,,-0.2,,%,High,Economic Releases,Prices,Germany,Preliminary,M,,-0.07,0.1,-0.2,0.106144556,15,GMT+10:00,German Federal Statistical Office,,,GRCP2HMM Index
28,DE Country,30/9/2024 22:00,30/9/2024 22:00,CPI EU Harmonized YoY,Sep P,1.8,,2,,%,Very High,Economic Releases,Prices,Germany,Preliminary,M,,1.823043478,2,1.6,0.117711319,23,GMT+10:00,German Federal Statistical Office,,,GRCP2HYY Index
29,ZA Country,30/9/2024 22:00,30/9/2024 22:00,Trade Balance Rand,Aug,19.1,,17.6,,b,Very High,Economic Releases,Intl Trade & BoP,South Africa,,M,,18.38,20.5,14.9,2.035092136,5,GMT+10:00,South African Revenue Service,ZAR,,SATBAL Index
30,RU Country,30/9/2024 23:00,30/9/2024 23:00,Current Account Balance,2Q F,17000,,18000,17000,m,High,Economic Releases,Intl Trade & BoP,Russia,Final,Q,,17166.66667,17500,17000,235.7022604,3,GMT+10:00,The Central Bank of the Russian Federation,USD,,RUCACAL Index
31,US Country,30/9/2024 23:45,30/9/2024 23:45,MNI Chicago PMI,Sep,46,,46.1,,,Very High,Economic Releases,"Surveys/Cyclical Indicators, Purchasing Managers' Index",United States,,M,,46.03846154,50,43,1.542494713,13,GMT+10:00,Market News International,USD,,CHPMINDX Index
32,US Country,1/10/2024 0:30,1/10/2024 0:30,Dallas Fed Manf. Activity,Sep,-10.3,,-9.7,,,High,Economic Releases,Surveys/Cyclical Indicators,United States,,M,,-10.85,-8.5,-15,2.011425697,6,GMT+10:00,Federal Reserve Bank of Dallas,,,DFEDGBA Index
33,JP Country,1/10/2024 9:30,1/10/2024 9:30,Jobless Rate,Aug,2.6,,2.7,,%,Very High,Economic Releases,Labor Market,Japan,,M,,2.626666667,2.7,2.6,0.044221664,30,GMT+10:00,Ministry of Internal Affairs and Communications,,,JNUE Index
34,JP Country,1/10/2024 9:30,1/10/2024 9:30,Job-To-Applicant Ratio,Aug,1.24,,1.24,,,Very High,Economic Releases,Labor Market,Japan,,M,,1.235185185,1.24,1.2,0.008331275,27,GMT+10:00,"Ministry of Health, Labour and Welfare, Japan",,,JBTARATE Index
35,JP Country,1/10/2024 9:50,1/10/2024 9:50,Tankan Large Mfg Index,3Q,12,,13,,,Very High,Economic Releases,Surveys/Cyclical Indicators,Japan,,Q,,12.71428571,15,10,1.385051388,28,GMT+10:00,Bank of Japan,,,JNTSMFG Index
36,JP Country,1/10/2024 9:50,1/10/2024 9:50,Tankan Large Mfg Outlook,3Q,12,,14,,,Very High,Economic Releases,Surveys/Cyclical Indicators,Japan,,Q,,12.375,17,8,2.077909607,24,GMT+10:00,Bank of Japan,,,JPTFLMFG Index
37,JP Country,1/10/2024 9:50,1/10/2024 9:50,Tankan Large Non-Mfg Index,3Q,32,,33,,,Very High,Economic Releases,Surveys/Cyclical Indicators,Japan,,Q,,31.68,35,22,2.428497478,25,GMT+10:00,Bank of Japan,,,JNTSNMFG Index
38,JP Country,1/10/2024 9:50,1/10/2024 9:50,Tankan Large Non-Mfg Outlook,3Q,29.5,,27,,,High,Economic Releases,,Japan,,Q,,29.59090909,35,25,2.806795178,22,GMT+10:00,Bank of Japan,,,JPTFLNMF Index
39,JP Country,1/10/2024 9:50,1/10/2024 9:50,Tankan Large All Industry Capex,3Q,11.85,,11.1,,%,Very High,Economic Releases,,Japan,,Q,,11.84583333,13,11.3,0.419304152,24,GMT+10:00,Bank of Japan,JPY,,JTFIFILA Index
40,KR Country,1/10/2024 10:00,1/10/2024 10:00,Exports YoY,Sep,6.6,,11.4,11.2323,%,Very High,Economic Releases,Intl Trade & BoP,South Korea,,M,,6.023529412,8.5,-2,2.334530917,17,GMT+10:00,"Ministry of Trade, Industry and Energy",,,KOEXTOTY Index
41,KR Country,1/10/2024 10:00,1/10/2024 10:00,Imports YoY,Sep,5,,6,,%,High,Economic Releases,Intl Trade & BoP,South Korea,,M,,4.276923077,7.8,1.6,2.024144205,13,GMT+10:00,"Ministry of Trade, Industry and Energy",,,KOIMTOTY Index
42,ID Country,1/10/2024 10:30,1/10/2024 10:30,S&P Global Indonesia PMI Mfg,Sep,,,48.9,,,Very High,Economic Releases,Purchasing Managers' Index,Indonesia,,M,,,,,,0,GMT+10:00,S&P Global,,,MPMIIDMA Index
43,JP Country,1/10/2024 10:30,1/10/2024 10:30,Jibun Bank Japan PMI Mfg,Sep F,,,49.6,,,Very High,Economic Releases,Purchasing Managers' Index,Japan,Final,M,,,,,,0,GMT+10:00,S&P Global,,,MPMIJPMA Index
44,AU Country,1/10/2024 11:30,1/10/2024 11:30,Building Approvals MoM,Aug,-4.25,,10.4,,%,Very High,Economic Releases,Housing and Real Estate,Australia,,M,,-4.285714286,-1,-7,2.152359882,14,GMT+10:00,Australian Bureau of Statistics,AUD,,AUBAC Index
45,AU Country,1/10/2024 11:30,1/10/2024 11:30,Retail Sales MoM,Aug,0.4,,0,,%,Very High,Economic Releases,Retail & Wholesale Sector,Australia,,M,,0.419047619,0.9,0.1,0.184181711,21,GMT+10:00,Australian Bureau of Statistics,,,AURSTSA Index
46,ID Country,1/10/2024 14:00,1/10/2024 14:00,CPI YoY,Sep,2,,2.12,,%,Very High,Economic Releases,Prices,Indonesia,,M,,1.983636364,2.2,1.8,0.086315776,22,GMT+10:00,Badan Pusat Statistik Indonesia,,,IDCPIY Index
47,IN Country,1/10/2024 15:00,1/10/2024 15:00,HSBC India PMI Mfg,Sep F,,,56.7,,,Very High,Economic Releases,Purchasing Managers' Index,India,Final,M,,,,,,0,GMT+10:00,S&P Global,,,MPMIINMA Index
48,RU Country,1/10/2024 16:00,1/10/2024 16:00,S&P Global Russia Manufacturing PMI,Sep,51.5,,52.1,,,Very High,Economic Releases,Purchasing Managers' Index,Russia,,M,,51.83333333,52.5,51.5,0.471404521,3,GMT+10:00,S&P Global,,,MPMIRUMA Index
49,TR Country,1/10/2024 17:00,1/10/2024 17:00,S&P Global/ICI Turkey Manufacturing PMI,Sep,,,47.8,,,Very High,Economic Releases,Purchasing Managers' Index,Turkey,,M,,,,,,0,GMT+10:00,S&P Global,,,MPMITRMA Index
50,IT Country,1/10/2024 17:45,1/10/2024 17:45,HCOB Italy Manufacturing PMI,Sep,49,,49.4,,,Very High,Economic Releases,Purchasing Managers' Index,Italy,,M,,49.05,49.5,48.5,0.306477685,14,GMT+10:00,S&P Global,,,MPMIITMA Index
51,FR Country,1/10/2024 17:50,1/10/2024 17:50,HCOB France Manufacturing PMI,Sep F,44,,44,,,Very High,Economic Releases,Purchasing Managers' Index,France,Final,M,,44.00714286,44.1,44,0.025753938,14,GMT+10:00,S&P Global,,,MPMIFRMA Index
52,DE Country,1/10/2024 17:55,1/10/2024 17:55,HCOB Germany Manufacturing PMI,Sep F,40.3,,40.3,,,Very High,Economic Releases,Purchasing Managers' Index,Germany,Final,M,,40.55263158,44.8,40.3,1.003346202,19,GMT+10:00,S&P Global,,,MPMIDEMA Index
53,EZ Country,1/10/2024 18:00,1/10/2024 18:00,HCOB Eurozone Manufacturing PMI,Sep F,44.8,,44.8,,,Very High,Economic Releases,Purchasing Managers' Index,Eurozone Aggregate,Final,M,,44.79583333,45,44.5,0.073479967,24,GMT+10:00,S&P Global,,,MPMIEZMA Index
54,GB Country,1/10/2024 18:30,1/10/2024 18:30,S&P Global UK Manufacturing PMI,Sep F,51.5,,51.5,,,Very High,,,United Kingdom,Final,M,,51.48181818,51.6,51.2,0.077672761,22,GMT+10:00,S&P Global,,,MPMIGBMA Index
55,AR Country,1/10/2024 19:00,2/10/2024 1:00,Government Tax Revenue,Sep,,,11764.1,,b,Very High,Economic Releases,Government Finance & Debt,Argentina,,M,,,,,,0,GMT+10:00,Ministerio de Economia y Produccion,ARS,,ARTXTOTL Index
56,EZ Country,1/10/2024 19:00,1/10/2024 19:00,CPI Estimate YoY,Sep,1.81,,2.2,,%,High,Economic Releases,Prices,Eurozone Aggregate,,M,,1.85952381,2.2,1.6,0.144912985,42,GMT+10:00,Eurostat,,,ECCPEST Index
57,EZ Country,1/10/2024 19:00,1/10/2024 19:00,CPI MoM,Sep P,0,,0.1,,%,Very High,Economic Releases,Prices,Eurozone Aggregate,Preliminary,M,,0.0192,0.3,-0.2,0.136291452,25,GMT+10:00,Eurostat,EUR,,ECCPEMUM Index
58,EZ Country,1/10/2024 19:00,1/10/2024 19:00,CPI Core YoY,Sep P,2.7,,2.8,,%,High,Economic Releases,Prices,Eurozone Aggregate,Preliminary,M,,2.761282051,3.1,2.6,0.132784373,39,GMT+10:00,Eurostat,EUR,,CPEXEMUY Index
59,ZA Country,1/10/2024 19:00,1/10/2024 19:00,Absa Manufacturing PMI,Sep,,,43.6,,,High,Economic Releases,"Surveys/Cyclical Indicators, Purchasing Managers' Index",South Africa,,M,,,,,,2,GMT+10:00,Bureau For Economic Research,,,SAPMI Index
60,BR Country,1/10/2024 21:00,1/10/2024 21:00,FGV CPI IPC-S,Sep-30,,,0.44,,%,High,Economic Releases,Prices,Brazil,,D,,,,,,0,GMT+10:00,Fundacao Getulio Vargas,BRL,,BZW IPCS Index
61,BR Country,1/10/2024 23:00,1/10/2024 23:00,S&P Global Brazil Manufacturing PMI,Sep,,,50.4,,,Very High,Economic Releases,"Industrial Sector, Purchasing Managers' Index",Brazil,,M,,,,,,2,GMT+10:00,S&P Global,,,MPMIBRMA Index
62,CA Country,1/10/2024 23:30,1/10/2024 23:30,S&P Global Canada Manufacturing PMI,Sep,,,49.5,,,Very High,Economic Releases,"Industrial Sector, Purchasing Managers' Index",Canada,,M,,,,,,1,GMT+10:00,S&P Global,,,MPMICAMA Index
63,US Country,1/10/2024 23:45,1/10/2024 23:45,S&P Global US Manufacturing PMI,Sep F,47,,47,,,Very High,Economic Releases,"Industrial Sector, Surveys/Cyclical Indicators, Purchasing Managers' Index",United States,Final,M,,47,47.1,46.9,0.053452248,7,GMT+10:00,S&P Global,,,MPMIUSMA Index
64,US Country,2/10/2024 0:00,2/10/2024 0:00,Construction Spending MoM,Aug,0.2,,-0.3,,%,High,Economic Releases,,United States,,M,,0.14,0.5,-0.5,0.24657656,25,GMT+10:00,U.S. Census Bureau,,,CNSTTMOM Index
65,US Country,2/10/2024 0:00,2/10/2024 0:00,ISM Manufacturing,Sep,47.55,,47.2,,,Very High,Economic Releases,"Surveys/Cyclical Indicators, Purchasing Managers' Index",United States,,M,,47.58571429,49.2,46.8,0.540974178,42,GMT+10:00,Institute for Supply Management,,,NAPMPMI Index
66,US Country,2/10/2024 0:00,2/10/2024 0:00,ISM Prices Paid,Sep,53.75,,54,,,High,Economic Releases,"Prices, Surveys/Cyclical Indicators, Purchasing Managers' Index",United States,,M,,53.675,54.2,53,0.4656984,4,GMT+10:00,Institute for Supply Management,,,NAPMPRIC Index
67,KR Country,2/10/2024 9:00,2/10/2024 9:00,CPI MoM,Sep,0.4,,0.4,,%,High,Economic Releases,Prices,South Korea,,M,,0.327272727,0.5,0.1,0.135451495,11,GMT+10:00,Statistics Korea,,,KOCPIMOM Index
68,KR Country,2/10/2024 9:00,2/10/2024 9:00,CPI YoY,Sep,1.8,,2,,%,Very High,Economic Releases,Prices,South Korea,,M,,1.794117647,2,1.5,0.139201877,17,GMT+10:00,Statistics Korea,,,KOCPIYOY Index
69,JP Country,2/10/2024 9:50,2/10/2024 9:50,Monetary Base YoY,Sep,,,0.6,,%,High,Economic Releases,,Japan,,M,,,,,,2,GMT+10:00,Bank of Japan,,,JNMBYOY Index
70,KR Country,2/10/2024 10:30,2/10/2024 10:30,S&P Global South Korea PMI Mfg,Sep,,,51.9,,,Very High,Economic Releases,Purchasing Managers' Index,South Korea,,M,,,,,,0,GMT+10:00,S&P Global,,,MPMIKRMA Index
71,IT Country,2/10/2024 18:00,2/10/2024 18:00,Unemployment Rate,Aug,6.55,,6.5,,%,High,Economic Releases,Labor Market,Italy,,M,,6.58,6.7,6.5,0.087177979,10,GMT+10:00,ISTAT,,,ITMUURS Index
72,EZ Country,2/10/2024 19:00,2/10/2024 19:00,Unemployment Rate,Aug,6.4,,6.4,,%,High,Economic Releases,Labor Market,Eurozone Aggregate,,M,,6.414814815,6.5,6.4,0.035524678,27,GMT+10:00,Eurostat,,,UMRTEMU Index
73,US Country,2/10/2024 21:00,2/10/2024 21:00,MBA Mortgage Applications,Sep-27,,,11,,%,Very High,Economic Releases,Housing and Real Estate,United States,,W,,,,,,0,GMT+10:00,Mortgage Bankers Association,,,MBAVCHNG Index
74,BR Country,2/10/2024 22:00,2/10/2024 22:00,Industrial Production MoM,Aug,0.1,,-1.4,,%,Very High,Economic Releases,Industrial Sector,Brazil,,M,,-0.064,0.2,-0.9,0.325387974,15,GMT+10:00,IBGE,,,BZIPTL% Index
75,BR Country,2/10/2024 22:00,2/10/2024 22:00,Industrial Production YoY,Aug,2.15,,6.1,,%,Very High,Economic Releases,Industrial Sector,Brazil,,M,,2.364285714,6.3,1,1.147423911,14,GMT+10:00,IBGE,,,BZIPYOY% Index
76,MX Country,2/10/2024 22:00,2/10/2024 22:00,Gross Fixed Investment NSA YoY,Jul,4.7,,-1.302102,,%,High,Economic Releases,,Mexico,,M,,4.357142857,5.5,1.7,1.141248868,7,GMT+10:00,INEGI,,,MINVTYOY Index
77,US Country,2/10/2024 22:15,2/10/2024 22:15,ADP Employment Change,Sep,125,,99,,k,Very High,Economic Releases,Labor Market,United States,,M,,121.0588235,150,80,17.20967781,17,GMT+10:00,"Automatic Data Processing, Inc.",,,ADP CHNG Index
78,MX Country,3/10/2024 1:00,3/10/2024 1:00,S&P Global Mexico Manufacturing PMI,Sep,,,48.5,,,Very High,Economic Releases,"Industrial Sector, Purchasing Managers' Index",Mexico,,M,,,,,,0,GMT+10:00,S&P Global,,,MPMIMXMA Index
79,MX Country,3/10/2024 1:00,3/10/2024 1:00,International Reserves Weekly,Sep-27,,,226464.8,,m,High,Economic Releases,Monetary Sector,Mexico,,W,,,,,,0,GMT+10:00,Banco de Mexico,USD,,MXIRINUS Index
80,RU Country,3/10/2024 2:00,3/10/2024 2:00,Retail Sales Real YoY,Aug,5.5,,6.1,,%,Very High,Economic Releases,,Russia,,M,,5.34,5.7,4.4,0.484148737,5,GMT+10:00,Federal Service of State Statistics,,,RURSRYOY Index
81,RU Country,3/10/2024 2:00,3/10/2024 2:00,Unemployment Rate,Aug,2.4,,2.4,,%,Very High,Economic Releases,Labor Market,Russia,,M,,2.42,2.5,2.4,0.04,5,GMT+10:00,Federal Service of State Statistics,,,RUUER Index
82,RU Country,3/10/2024 2:00,3/10/2024 2:00,GDP YoY,2Q F,4.1,,4.1,,%,High,Economic Releases,National Accounts (GDP),Russia,Final,Q,,4.08,4.1,4,0.04,5,GMT+10:00,Federal Service of State Statistics,,,RUDPRYOY Index
83,RU Country,3/10/2024 2:00,3/10/2024 2:00,CPI WoW,Sep-30,,,0.06,,%,High,Economic Releases,,Russia,,D,,,,,,0,GMT+10:00,Federal Service of State Statistics,,,RUWCWOW Index
84,JP Country,3/10/2024 10:30,3/10/2024 10:30,Jibun Bank Japan PMI Composite,Sep F,,,52.5,,,High,Economic Releases,Purchasing Managers' Index,Japan,Final,M,,,,,,0,GMT+10:00,S&P Global,,,MPMIJPCA Index
85,JP Country,3/10/2024 10:30,3/10/2024 10:30,Jibun Bank Japan PMI Services,Sep F,,,53.9,,,High,Economic Releases,Purchasing Managers' Index,Japan,Final,M,,,,,,0,GMT+10:00,S&P Global,,,MPMIJPSA Index
86,AU Country,3/10/2024 11:30,3/10/2024 11:30,Trade Balance,Aug,5500,,6009,,m,Very High,Economic Releases,Intl Trade & BoP,Australia,,M,,5516.75,6400,4600,488.168452,16,GMT+10:00,Australian Bureau of Statistics,AUD,,AUITGSB Index
87,SA Country,3/10/2024 14:15,3/10/2024 14:15,S&P Global Saudi Arabia PMI,Sep,,,54.8,,,High,Economic Releases,Purchasing Managers' Index,Saudi Arabia,,M,,,,,,0,GMT+10:00,S&P Global,,,MPMISAWA Index
88,RU Country,3/10/2024 16:00,3/10/2024 16:00,S&P Global Russia Composite PMI,Sep,,,52.1,,,High,Economic Releases,Purchasing Managers' Index,Russia,,M,,,,,,2,GMT+10:00,S&P Global,,,MPMIRUCA Index
89,RU Country,3/10/2024 16:00,3/10/2024 16:00,S&P Global Russia Services PMI,Sep,51.5,,52.3,,,High,Economic Releases,Purchasing Managers' Index,Russia,,M,,52,53,51.5,0.707106781,3,GMT+10:00,S&P Global,,,MPMIRUSA Index
90,TR Country,3/10/2024 16:00,3/10/2024 16:00,CPI MoM,Sep,2.2,,2.47,,%,Very High,Economic Releases,Prices,Turkey,,M,,2.155714286,2.5,1.64,0.277995742,14,GMT+10:00,Turkish Statistical Institute,,,TUCPIM Index
91,TR Country,3/10/2024 16:00,3/10/2024 16:00,CPI YoY,Sep,48.3,,51.97,,%,Very High,Economic Releases,Prices,Turkey,,M,,48.20380952,48.7,47.46,0.370629788,21,GMT+10:00,Turkish Statistical Institute,,,TUCPIY Index
92,TR Country,3/10/2024 16:00,3/10/2024 16:00,CPI Core Index YoY,Sep,47.95,,51.56,,%,High,Economic Releases,,Turkey,,M,,47.74,48.3,46.82,0.461194102,8,GMT+10:00,Turkish Statistical Institute,,,TUCXEFYY Index
93,TR Country,3/10/2024 16:00,3/10/2024 16:00,PPI YoY,Sep,,,35.75,,%,High,Economic Releases,Prices,Turkey,,M,,,,,,1,GMT+10:00,Turkish Statistical Institute,,,TUDPYOY Index
94,IT Country,3/10/2024 17:45,3/10/2024 17:45,HCOB Italy Composite PMI,Sep,50.25,,50.8,,,High,Economic Releases,Purchasing Managers' Index,Italy,,M,,50.28333333,50.9,49.9,0.307769755,6,GMT+10:00,S&P Global,,,MPMIITCA Index
95,IT Country,3/10/2024 17:45,3/10/2024 17:45,HCOB Italy Services PMI,Sep,51.15,,51.4,,,High,Economic Releases,Purchasing Managers' Index,Italy,,M,,51.16428571,52,50.2,0.533997248,14,GMT+10:00,S&P Global,,,MPMIITSA Index
96,FR Country,3/10/2024 17:50,3/10/2024 17:50,HCOB France Services PMI,Sep F,48.3,,48.3,,,Very High,Economic Releases,Purchasing Managers' Index,France,Final,M,,48.48,50.6,48.3,0.571780844,15,GMT+10:00,S&P Global,,,MPMIFRSA Index
97,FR Country,3/10/2024 17:50,3/10/2024 17:50,HCOB France Composite PMI,Sep F,47.4,,47.4,,,Very High,Economic Releases,Purchasing Managers' Index,France,Final,M,,47.40833333,47.5,47.4,0.02763854,12,GMT+10:00,S&P Global,,,MPMIFRCA Index
98,DE Country,3/10/2024 17:55,3/10/2024 17:55,HCOB Germany Services PMI,Sep F,50.6,,50.6,,,High,Economic Releases,Purchasing Managers' Index,Germany,Final,M,,50.61111111,50.8,50.6,0.045812285,18,GMT+10:00,S&P Global,,,MPMIDESA Index
99,DE Country,3/10/2024 17:55,3/10/2024 17:55,HCOB Germany Composite PMI,Sep F,47.2,,47.2,,,High,Economic Releases,Purchasing Managers' Index,Germany,Final,M,,47.2,47.2,47.2,7.11E-15,14,GMT+10:00,S&P Global,,,MPMIDECA Index
100,EZ Country,3/10/2024 18:00,3/10/2024 18:00,HCOB Eurozone Services PMI,Sep F,50.5,,50.5,,,High,Economic Releases,Purchasing Managers' Index,Eurozone Aggregate,Final,M,,50.54,51.1,50.5,0.138564065,25,GMT+10:00,S&P Global,,,MPMIEZSA Index
101,EZ Country,3/10/2024 18:00,3/10/2024 18:00,HCOB Eurozone Composite PMI,Sep F,48.9,,48.9,,,High,Economic Releases,Purchasing Managers' Index,Eurozone Aggregate,Final,M,,48.90416667,49,48.9,0.019982631,24,GMT+10:00,S&P Global,,,MPMIEZCA Index
102,GB Country,3/10/2024 18:30,3/10/2024 18:30,S&P Global UK Services PMI,Sep F,52.8,,52.8,,,High,,,United Kingdom,Final,M,,52.81363636,53,52.7,0.054734521,22,GMT+10:00,S&P Global,,,MPMIGBSA Index
103,GB Country,3/10/2024 18:30,3/10/2024 18:30,S&P Global UK Composite PMI,Sep F,52.9,,52.9,,,High,,,United Kingdom,Final,M,,52.86111111,53,52,0.211184198,18,GMT+10:00,S&P Global,,,MPMIGBCA Index
104,AR Country,3/10/2024 19:00,4/10/2024 1:00,Vehicle Domestic Sales Adefa,Sep,,,38682,,,High,Economic Releases,Retail & Wholesale Sector,Argentina,,M,,,,,,0,GMT+10:00,ADEFA Asociacion de Fabricantes de Automotores,,,ARVSARTL Index
105,US Country,3/10/2024 22:30,3/10/2024 22:30,Initial Jobless Claims,Sep-28,220.5,,218,,k,Very High,Economic Releases,Labor Market,United States,,W,,222.1,230,215,3.576310948,20,GMT+10:00,Department of Labor,,,INJCJC Index
106,US Country,3/10/2024 22:30,3/10/2024 22:30,Continuing Claims,Sep-21,1830,,1834,,k,High,Economic Releases,Labor Market,United States,,W,,1830.4,1842,1825,6.216108107,5,GMT+10:00,Department of Labor,,,INJCSP Index
107,BR Country,3/10/2024 23:00,3/10/2024 23:00,S&P Global Brazil Composite PMI,Sep,,,52.9,,,High,Economic Releases,Purchasing Managers' Index,Brazil,,M,,,,,,1,GMT+10:00,S&P Global,,,MPMIBRCA Index
108,BR Country,3/10/2024 23:00,3/10/2024 23:00,S&P Global Brazil Services PMI,Sep,,,54.2,,,High,Economic Releases,"Services Sector, Purchasing Managers' Index",Brazil,,M,,,,,,1,GMT+10:00,S&P Global,,,MPMIBRSA Index
109,RU Country,3/10/2024 23:00,3/10/2024 23:00,Gold and Forex Reserve,Sep-27,,,625.2,,b,Very High,Economic Releases,Metals,Russia,,W,,,,,,0,GMT+10:00,The Central Bank of the Russian Federation,USD,,RUREFEG Index
110,US Country,3/10/2024 23:45,3/10/2024 23:45,S&P Global US Services PMI,Sep F,55.4,,55.4,,,High,Economic Releases,"Services Sector, Purchasing Managers' Index",United States,Final,M,,55.26666667,55.4,55,0.188561808,3,GMT+10:00,S&P Global,,,MPMIUSSA Index
111,US Country,3/10/2024 23:45,3/10/2024 23:45,S&P Global US Composite PMI,Sep F,,,54.4,,,High,Economic Releases,"Surveys/Cyclical Indicators, Purchasing Managers' Index",United States,Final,M,,,,,,1,GMT+10:00,S&P Global,,,MPMIUSCA Index
112,US Country,4/10/2024 0:00,4/10/2024 0:00,Factory Orders,Aug,0.1,,5,,%,Very High,Economic Releases,Industrial Sector,United States,,M,,0.065217391,0.8,-1.1,0.373710764,23,GMT+10:00,U.S. Census Bureau,,,TMNOCHNG Index
113,US Country,4/10/2024 0:00,4/10/2024 0:00,Durable Goods Orders,Aug F,0,,0,,%,Very High,Economic Releases,Industrial Sector,United States,Final,M,,-0.075,,-0.3,0.129903811,4,GMT+10:00,U.S. Census Bureau,,,DGNOCHNG Index
114,US Country,4/10/2024 0:00,4/10/2024 0:00,Durables Ex Transportation,Aug F,,,0.5,,%,High,Economic Releases,,United States,Final,M,,,,,,2,GMT+10:00,U.S. Census Bureau,,,DGNOXTCH Index
115,US Country,4/10/2024 0:00,4/10/2024 0:00,ISM Services Index,Sep,51.6,,51.5,,,Very High,Economic Releases,"Surveys/Cyclical Indicators, Purchasing Managers' Index",United States,,M,,51.58974359,52.2,51,0.360053324,39,GMT+10:00,Institute for Supply Management,,,NAPMNMI Index
116,IN Country,4/10/2024 15:00,4/10/2024 15:00,HSBC India PMI Composite,Sep F,,,59.3,,,High,Economic Releases,Purchasing Managers' Index,India,Final,M,,,,,,0,GMT+10:00,S&P Global,,,MPMIINCA Index
117,IN Country,4/10/2024 15:00,4/10/2024 15:00,HSBC India PMI Services,Sep F,,,58.9,,,High,Economic Releases,Purchasing Managers' Index,India,Final,M,,,,,,0,GMT+10:00,S&P Global,,,MPMIINSA Index
118,FR Country,4/10/2024 16:45,4/10/2024 16:45,Industrial Production YoY,Aug,-1.9,,-2.2,,%,High,Economic Releases,Industrial Sector,France,,M,,-1.8,-0.5,-2.8,0.697614985,9,GMT+10:00,INSEE National Statistics Office of France,,,FPIPYOY Index
119,FR Country,4/10/2024 16:45,4/10/2024 16:45,Industrial Production MoM,Aug,0.25,,-0.5,,%,Very High,Economic Releases,Industrial Sector,France,,M,,0.2625,1.5,-0.5,0.524255424,16,GMT+10:00,INSEE National Statistics Office of France,,,FPIPMOM Index
120,GB Country,4/10/2024 18:30,4/10/2024 18:30,S&P Global UK Construction PMI,Sep,53.1,,53.6,,,High,,,United Kingdom,,M,,53.20909091,54.5,52,0.658447962,11,GMT+10:00,S&P Global,,,MPMIGBXA Index
121,IT Country,4/10/2024 20:00,4/10/2024 20:00,Retail Sales MoM,Aug,,,0.5,,%,High,Economic Releases,Retail & Wholesale Sector,Italy,,M,,,,,,1,GMT+10:00,ISTAT,EUR,,ITNSSTN Index
122,IT Country,4/10/2024 20:00,4/10/2024 20:00,Retail Sales YoY,Aug,,,1,,%,High,Economic Releases,Retail & Wholesale Sector,Italy,,M,,,,,,2,GMT+10:00,ISTAT,EUR,,ITNSTY Index
123,MX Country,4/10/2024 22:00,4/10/2024 22:00,Unemployment Rate NSA,Aug,2.9,,2.927401,,%,Very High,Economic Releases,Labor Market,Mexico,,M,,2.91,2.99,2.8,0.055901699,8,GMT+10:00,INEGI,,,MXUERATE Index
124,US Country,4/10/2024 22:30,4/10/2024 22:30,Change in Nonfarm Payrolls,Sep,146,,142,,k,Very High,Economic Releases,Labor Market,United States,,M,,144.5,270,70,33.1339508,46,GMT+10:00,Bureau of Labor Statistics,,,NFP TCH Index
125,US Country,4/10/2024 22:30,4/10/2024 22:30,Change in Manufact. Payrolls,Sep,-5,,-24,,k,High,Economic Releases,Labor Market,United States,,M,,-3.285714286,5,-10,6.134545872,7,GMT+10:00,Bureau of Labor Statistics,,,USMMMNCH Index
126,US Country,4/10/2024 22:30,4/10/2024 22:30,Unemployment Rate,Sep,4.2,,4.2,,%,Very High,Economic Releases,Labor Market,United States,,M,,4.231111111,4.3,4.1,0.055064496,45,GMT+10:00,Bureau of Labor Statistics,,,USURTOT Index
127,BR Country,5/10/2024 4:00,5/10/2024 4:00,Trade Balance Monthly,Sep,4600,,4828.2,,m,High,Economic Releases,Intl Trade & BoP,Brazil,,M,,4624.5,5300,4245,282.8466899,10,GMT+10:00,Ministerio da Industria e do Comercio Exterior,USD,,BZTBBALM Index
128,AU Country,7/10/2024 11:00,7/10/2024 11:00,Melbourne Institute Inflation MoM,Sep,,,-0.1,,%,Very High,Economic Releases,Prices,Australia,,M,,,,,,0,GMT+11:00,Melbourne Institute of Applied Economic and Social Research,,,TDMIMOM Index
129,ID Country,7/10/2024 14:00,7/10/2024 14:00,Foreign Reserves,Sep,,,150.2,,b,High,Economic Releases,Monetary Sector,Indonesia,,M,,,,,,0,GMT+11:00,Bank Indonesia,USD,,IDGFA Index
130,DE Country,7/10/2024 17:00,7/10/2024 17:00,Factory Orders MoM,Aug,,,2.9,,%,Very High,Economic Releases,Industrial Sector,Germany,,M,,,,,,0,GMT+11:00,Deutsche Bundesbank,,,GRIORTMM Index
131,CN Country,7/10/2024 20:00,8/10/2024 2:00,Foreign Reserves,Sep,,,3288.215,,b,High,Economic Releases,Monetary Sector,China,,M,,,,,,0,GMT+11:00,The People's Bank of China,USD,,CNGFOREX Index
132,US Country,7/10/2024 20:00,19/10/2024 2:00,Monthly Budget Statement,Sep,,,-380.08,-380.08,b,High,Economic Releases,Government Finance & Debt,United States,,M,,,,,,0,GMT+11:00,US Treasury,USD,,FDDSSD Index
133,BR Country,7/10/2024 22:00,7/10/2024 22:00,FGV Inflation IGP-DI MoM,Sep,,,0.12,,%,High,Economic Releases,Prices,Brazil,,M,,,,,,2,GMT+11:00,Fundacao Getulio Vargas,,,IBREGPDM Index
134,KR Country,8/10/2024 10:00,8/10/2024 10:00,BoP Current Account Balance,Aug,,,9131.8,,m,High,Economic Releases,Intl Trade & BoP,South Korea,,M,,,,,,0,GMT+11:00,Bank of Korea,USD,,KOBPCB Index
135,AU Country,8/10/2024 10:30,8/10/2024 10:30,Westpac Consumer Conf SA MoM,Oct,,,-0.5,,%,Very High,Economic Releases,Surveys/Cyclical Indicators,Australia,,M,,,,,,0,GMT+11:00,Westpac Banking Corporation,,,WMCCCON% Index
136,JP Country,8/10/2024 10:30,8/10/2024 10:30,Labor Cash Earnings YoY,Aug,,,3.6,3.4,%,High,Economic Releases,Labor Market,Japan,,M,,,,,,0,GMT+11:00,"Ministry of Health, Labour and Welfare, Japan",,,JNLSUCTL Index
137,JP Country,8/10/2024 10:50,8/10/2024 10:50,BoP Current Account Balance,Aug,,,3193,,b,Very High,Economic Releases,Intl Trade & BoP,Japan,,M,,,,,,0,GMT+11:00,Ministry of Finance Japan,JPY,,JNBPAB Index
138,JP Country,8/10/2024 10:50,8/10/2024 10:50,Trade Balance BoP Basis,Aug,,,-482.7,,b,High,Economic Releases,Intl Trade & BoP,Japan,,M,,,,,,0,GMT+11:00,Ministry of Finance Japan,JPY,,JNBPTRD Index
139,AU Country,8/10/2024 11:30,8/10/2024 11:30,NAB Business Confidence,Sep,,,-4,,,High,Economic Releases,Surveys/Cyclical Indicators,Australia,,M,,,,,,0,GMT+11:00,National Australia Bank,,,NABSCONF Index
140,AU Country,8/10/2024 11:30,8/10/2024 11:30,NAB Business Conditions,Sep,,,3,,,High,Economic Releases,Surveys/Cyclical Indicators,Australia,,M,,,,,,0,GMT+11:00,National Australia Bank,,,NABSCOND Index
141,DE Country,8/10/2024 17:00,8/10/2024 17:00,Industrial Production SA MoM,Aug,,,-2.4,,%,Very High,Economic Releases,Industrial Sector,Germany,,M,,,,,,0,GMT+11:00,Deutsche Bundesbank,,,GRIPIMOM Index
142,BR Country,8/10/2024 22:00,8/10/2024 22:00,FGV CPI IPC-S,Oct-04,,,,,%,High,Economic Releases,Prices,Brazil,,D,,,,,,0,GMT+11:00,Fundacao Getulio Vargas,BRL,,BZW IPCS Index
143,US Country,8/10/2024 23:30,8/10/2024 23:30,Trade Balance,Aug,-74.15,,-78.8,,b,Very High,Economic Releases,Intl Trade & BoP,United States,,M,,-73.98333333,-70,-79.1,2.972886738,6,GMT+11:00,U.S. Census Bureau,USD,,USTBTOT Index
144,MX Country,9/10/2024 2:00,9/10/2024 2:00,International Reserves Weekly,Oct-04,,,,,m,High,Economic Releases,Monetary Sector,Mexico,,W,,,,,,0,GMT+11:00,Banco de Mexico,USD,,MXIRINUS Index
145,IN Country,9/10/2024 15:30,9/10/2024 15:30,RBI Repurchase Rate,Oct-09,,,6.5,,%,Very High,Economic Releases,Financial Indicators,India,,D,,,,,,1,GMT+11:00,Reserve Bank of India,INR,,INRPYLDP Index
146,IN Country,9/10/2024 15:30,9/10/2024 15:30,RBI Cash Reserve Ratio,Oct-09,,,4.5,,%,High,Economic Releases,Financial Indicators,India,,D,,,,,,1,GMT+11:00,Reserve Bank of India,,,RBICRRP Index
147,JP Country,9/10/2024 17:00,9/10/2024 17:00,Machine Tool Orders YoY,Sep P,,,-3.5,,%,High,Economic Releases,,Japan,Preliminary,M,,,,,,0,GMT+11:00,Japan Machine Tool Builders' Association,,,JNMTOY Index
148,CN Country,9/10/2024 20:00,16/10/2024 2:00,Money Supply M2 YoY,Sep,,,6.3,,%,Very High,Economic Releases,Monetary Sector,China,,M,,,,,,0,GMT+11:00,The People's Bank of China,,,CNMS2YOY Index
149,CN Country,9/10/2024 20:00,16/10/2024 2:00,Money Supply M1 YoY,Sep,,,-7.3,,%,High,Economic Releases,Monetary Sector,China,,M,,,,,,0,GMT+11:00,The People's Bank of China,,,CNMS1YOY Index
150,US Country,9/10/2024 22:00,9/10/2024 22:00,MBA Mortgage Applications,Oct-04,,,,,%,Very High,Economic Releases,Housing and Real Estate,United States,,W,,,,,,0,GMT+11:00,Mortgage Bankers Association,,,MBAVCHNG Index
151,BR Country,9/10/2024 23:00,9/10/2024 23:00,IBGE Inflation IPCA YoY,Sep,,,4.24,,%,Very High,Economic Releases,Prices,Brazil,,M,,,,,,2,GMT+11:00,IBGE,,,BZPIIPCY Index
152,BR Country,9/10/2024 23:00,9/10/2024 23:00,IBGE Inflation IPCA MoM,Sep,,,-0.02,,%,Very High,Economic Releases,Prices,Brazil,,M,,,,,,2,GMT+11:00,IBGE,,,BZPIIPCM Index
153,MX Country,9/10/2024 23:00,9/10/2024 23:00,CPI MoM,Sep,,,0.01,,%,Very High,Economic Releases,Prices,Mexico,,M,,,,,,0,GMT+11:00,INEGI,,,MXCPCHNG Index
154,MX Country,9/10/2024 23:00,9/10/2024 23:00,Bi-Weekly CPI YoY,Sep-30,,,4.658817,,%,High,Economic Releases,Prices,Mexico,,D,,,,,,0,GMT+11:00,INEGI,MXN,,MXBWYOY Index
155,MX Country,9/10/2024 23:00,9/10/2024 23:00,Bi-Weekly CPI,Sep-30,,,0.09,,%,Very High,Economic Releases,Prices,Mexico,,D,,,,,,0,GMT+11:00,INEGI,MXN,,MXBWMOM Index
156,MX Country,9/10/2024 23:00,9/10/2024 23:00,CPI YoY,Sep,,,4.99,,%,Very High,Economic Releases,Prices,Mexico,,M,,,,,,0,GMT+11:00,INEGI,,,MXCPYOY Index
157,MX Country,9/10/2024 23:00,9/10/2024 23:00,CPI Core MoM,Sep,,,0.22,,%,High,Economic Releases,Prices,Mexico,,M,,,,,,0,GMT+11:00,INEGI,MXN,,MXCCCHNG Index
158,MX Country,9/10/2024 23:00,9/10/2024 23:00,Bi-Weekly Core CPI,Sep-30,,,0.21,,%,High,Economic Releases,Prices,Mexico,,D,,,,,,0,GMT+11:00,INEGI,MXN,,MXBWCORE Index
159,US Country,10/10/2024 1:00,10/10/2024 1:00,Wholesale Inventories MoM,Aug F,,,0.2,,%,Very High,Economic Releases,Retail & Wholesale Sector,United States,Final,M,,,,,,0,GMT+11:00,U.S. Census Bureau,,,MWINCHNG Index
160,RU Country,10/10/2024 3:00,10/10/2024 3:00,CPI WoW,Oct-07,,,,,%,High,Economic Releases,,Russia,,D,,,,,,0,GMT+11:00,Federal Service of State Statistics,,,RUWCWOW Index
161,GB Country,10/10/2024 10:01,10/10/2024 10:01,RICS House Price Balance,Sep,,,1,,%,High,,,United Kingdom,,M,,,,,,0,GMT+11:00,Royal Institution of Chartered Surveyors,,,UKRXPBAL Index
162,JP Country,10/10/2024 10:50,10/10/2024 10:50,PPI YoY,Sep,,,2.5,,%,Very High,Economic Releases,Prices,Japan,,M,,,,,,0,GMT+11:00,Bank of Japan,,,JNWSDYOY Index
163,JP Country,10/10/2024 10:50,10/10/2024 10:50,PPI MoM,Sep,,,-0.2,,%,High,Economic Releases,Prices,Japan,,M,,,,,,0,GMT+11:00,Bank of Japan,,,JNWSDOM Index
164,TR Country,10/10/2024 18:00,10/10/2024 18:00,Industrial Production MoM,Aug,,,0.442414,,%,Very High,Economic Releases,Industrial Sector,Turkey,,M,,,,,,0,GMT+11:00,Turkish Statistical Institute,,,TUIOSAMM Index
165,TR Country,10/10/2024 18:00,10/10/2024 18:00,Industrial Production YoY,Aug,,,-3.921045,,%,High,Economic Releases,Industrial Sector,Turkey,,M,,,,,,0,GMT+11:00,Turkish Statistical Institute,,,TUIOWDYY Index
166,IT Country,10/10/2024 19:00,10/10/2024 19:00,Industrial Production MoM,Aug,,,-0.9,,%,Very High,Economic Releases,Industrial Sector,Italy,,M,,,,,,0,GMT+11:00,ISTAT,,,ITPRSANM Index
167,IT Country,10/10/2024 19:00,10/10/2024 19:00,Industrial Production WDA YoY,Aug,,,-3.3,,%,High,Economic Releases,Industrial Sector,Italy,,M,,,,,,0,GMT+11:00,ISTAT,,,ITPRWAY Index
168,ZA Country,10/10/2024 22:00,10/10/2024 22:00,Manufacturing Prod NSA YoY,Aug,,,1.7,,%,Very High,Economic Releases,Industrial Sector,South Africa,,M,,,,,,0,GMT+11:00,Statistics South Africa,ZAR,,SFPMNSAY Index
169,ZA Country,10/10/2024 22:00,10/10/2024 22:00,Manufacturing Prod SA MoM,Aug,,,2.1,,%,Very High,Economic Releases,Industrial Sector,South Africa,,M,,,,,,0,GMT+11:00,Statistics South Africa,ZAR,,SFPMMOM Index
170,BR Country,10/10/2024 23:00,10/10/2024 23:00,Retail Sales YoY,Aug,,,4.4,,%,Very High,Economic Releases,Retail & Wholesale Sector,Brazil,,M,,,,,,1,GMT+11:00,IBGE,,,BZRTRYOY Index
171,BR Country,10/10/2024 23:00,10/10/2024 23:00,Retail Sales MoM,Aug,,,0.6,,%,High,Economic Releases,Retail & Wholesale Sector,Brazil,,M,,,,,,1,GMT+11:00,IBGE,,,BZRTRETM Index
172,US Country,10/10/2024 23:30,10/10/2024 23:30,CPI MoM,Sep,0.1,,0.2,,%,Very High,Economic Releases,Prices,United States,,M,,0.11,0.2,0.07,0.038172541,7,GMT+11:00,Bureau of Labor Statistics,,,CPI CHNG Index
173,US Country,10/10/2024 23:30,10/10/2024 23:30,CPI Ex Food and Energy MoM,Sep,0.2,,0.3,,%,High,Economic Releases,Prices,United States,,M,,0.232857143,0.3,0.2,0.043659162,7,GMT+11:00,Bureau of Labor Statistics,USD,,CPUPXCHG Index
174,US Country,10/10/2024 23:30,10/10/2024 23:30,CPI YoY,Sep,,,2.5,,%,Very High,Economic Releases,Prices,United States,,M,,,,,,2,GMT+11:00,Bureau of Labor Statistics,,,CPI YOY Index
175,US Country,10/10/2024 23:30,10/10/2024 23:30,CPI Ex Food and Energy YoY,Sep,3.2,,3.2,,%,High,Economic Releases,Prices,United States,,M,,3.166666667,3.2,3.1,0.047140452,3,GMT+11:00,Bureau of Labor Statistics,,,CPI XYOY Index
176,US Country,10/10/2024 23:30,10/10/2024 23:30,Initial Jobless Claims,Oct-05,,,,,k,Very High,Economic Releases,Labor Market,United States,,W,,,,,,0,GMT+11:00,Department of Labor,,,INJCJC Index
177,US Country,10/10/2024 23:30,10/10/2024 23:30,Continuing Claims,Sep-28,,,,,k,High,Economic Releases,Labor Market,United States,,W,,,,,,0,GMT+11:00,Department of Labor,,,INJCSP Index
178,RU Country,11/10/2024 0:00,11/10/2024 0:00,Gold and Forex Reserve,Oct-04,,,,,b,Very High,Economic Releases,Metals,Russia,,W,,,,,,0,GMT+11:00,The Central Bank of the Russian Federation,USD,,RUREFEG Index
179,AR Country,11/10/2024 6:00,11/10/2024 6:00,National CPI MoM,Sep,,,4.2,,%,Very High,Economic Releases,Prices,Argentina,,M,,,,,,1,GMT+11:00,Instituto Nacional de Estadistica y Censos Argentina,,,ARNCNINX Index
180,AR Country,11/10/2024 6:00,11/10/2024 6:00,National CPI YoY,Sep,,,236.7,,%,High,Economic Releases,Prices,Argentina,,M,,,,,,1,GMT+11:00,Instituto Nacional de Estadistica y Censos Argentina,,,ARNCYINX Index
181,JP Country,11/10/2024 10:50,11/10/2024 10:50,Money Stock M2 YoY,Sep,,,1.3,,%,High,Economic Releases,Monetary Sector,Japan,,M,,,,,,0,GMT+11:00,Bank of Japan,,,JMNSM2Y Index
182,JP Country,11/10/2024 10:50,11/10/2024 10:50,Money Stock M3 YoY,Sep,,,0.9,,%,High,Economic Releases,Monetary Sector,Japan,,M,,,,,,0,GMT+11:00,Bank of Japan,,,JMNSM3Y Index
183,DE Country,11/10/2024 17:00,11/10/2024 17:00,CPI YoY,Sep F,,,,,%,Very High,Economic Releases,Prices,Germany,Final,M,,,,,,0,GMT+11:00,German Federal Statistical Office,,,GRCP20YY Index
184,DE Country,11/10/2024 17:00,11/10/2024 17:00,CPI MoM,Sep F,,,,,%,Very High,Economic Releases,Prices,Germany,Final,M,,,,,,0,GMT+11:00,German Federal Statistical Office,,,GRCP20MM Index
185,DE Country,11/10/2024 17:00,11/10/2024 17:00,CPI EU Harmonized MoM,Sep F,,,,,%,High,Economic Releases,Prices,Germany,Final,M,,,,,,0,GMT+11:00,German Federal Statistical Office,,,GRCP2HMM Index
186,DE Country,11/10/2024 17:00,11/10/2024 17:00,CPI EU Harmonized YoY,Sep F,,,,,%,Very High,Economic Releases,Prices,Germany,Final,M,,,,,,0,GMT+11:00,German Federal Statistical Office,,,GRCP2HYY Index
187,GB Country,11/10/2024 17:00,11/10/2024 17:00,Industrial Production MoM,Aug,,,-0.8,,%,Very High,,,United Kingdom,,M,,,,,,0,GMT+11:00,UK Office for National Statistics,,,UKIPIMOM Index
188,GB Country,11/10/2024 17:00,11/10/2024 17:00,Industrial Production YoY,Aug,,,-1.2,,%,High,,,United Kingdom,,M,,,,,,0,GMT+11:00,UK Office for National Statistics,,,UKIPIYOY Index
189,GB Country,11/10/2024 17:00,11/10/2024 17:00,Manufacturing Production MoM,Aug,,,-1,,%,Very High,,,United Kingdom,,M,,,,,,0,GMT+11:00,UK Office for National Statistics,GBP,,UKMPIMOM Index
190,GB Country,11/10/2024 17:00,11/10/2024 17:00,Manufacturing Production YoY,Aug,,,-1.3,,%,High,,,United Kingdom,,M,,,,,,0,GMT+11:00,UK Office for National Statistics,GBP,,UKMPIYOY Index
191,GB Country,11/10/2024 17:00,11/10/2024 17:00,Visible Trade Balance GBP/Mn,Aug,,,-20003,,m,High,,,United Kingdom,,M,,,,,,0,GMT+11:00,UK Office for National Statistics,GBP,,UKTBALEE Index
192,GB Country,11/10/2024 17:00,11/10/2024 17:00,Trade Balance GBP/Mn,Aug,,,-7514,,m,High,,,United Kingdom,,M,,,,,,0,GMT+11:00,UK Office for National Statistics,GBP,,UKTBTTBA Index
193,TR Country,11/10/2024 18:00,11/10/2024 18:00,Current Account Balance,Aug,,,0.566,,b,Very High,Economic Releases,Intl Trade & BoP,Turkey,,M,,,,,,0,GMT+11:00,Central Bank of Turkey,USD,,TUCALNEW Index
194,KR Country,11/10/2024 20:00,12/10/2024 2:00,BOK Base Rate,Oct-11,,,3.5,,%,Very High,Economic Releases,Financial Indicators,South Korea,,D,,,,,,0,GMT+11:00,Bank of Korea,KRW,,KORP7DR Index
195,IN Country,11/10/2024 23:00,11/10/2024 23:00,Industrial Production YoY,Aug,,,4.8,,%,Very High,Economic Releases,Industrial Sector,India,,M,,,,,,0,GMT+11:00,Central Statistics Office India,,,INPIINDY Index
196,MX Country,11/10/2024 23:00,11/10/2024 23:00,Industrial Production NSA YoY,Aug,,,2.126018,,%,Very High,Economic Releases,Industrial Sector,Mexico,,M,,,,,,0,GMT+11:00,INEGI,,,MXIPTYOY Index
197,CA Country,11/10/2024 23:30,11/10/2024 23:30,Net Change in Employment,Sep,,,22.1,,k,Very High,Economic Releases,Labor Market,Canada,,M,,,,,,2,GMT+11:00,STCA - Statistics Canada,,,CANLNETJ Index
198,CA Country,11/10/2024 23:30,11/10/2024 23:30,Building Permits MoM,Aug,,,22.1,,%,High,Economic Releases,Housing and Real Estate,Canada,,M,,,,,,2,GMT+11:00,STCA - Statistics Canada,,,CAHOMOM Index
199,CA Country,11/10/2024 23:30,11/10/2024 23:30,Unemployment Rate,Sep,,,6.6,,%,Very High,Economic Releases,Labor Market,Canada,,M,,,,,,2,GMT+11:00,STCA - Statistics Canada,,,CANLXEMR Index
200,US Country,11/10/2024 23:30,11/10/2024 23:30,PPI Final Demand MoM,Sep,0.1,,0.2,,%,Very High,Economic Releases,Prices,United States,,M,,0.133333333,0.2,0.1,0.047140452,6,GMT+11:00,Bureau of Labor Statistics,,,FDIDFDMO Index
201,US Country,11/10/2024 23:30,11/10/2024 23:30,PPI Ex Food and Energy MoM,Sep,0.2,,0.3,,%,High,Economic Releases,Prices,United States,,M,,0.22,0.3,0.2,0.04,5,GMT+11:00,Bureau of Labor Statistics,,,FDIDSGMO Index
202,US Country,11/10/2024 23:30,11/10/2024 23:30,PPI Final Demand YoY,Sep,,,1.7,,%,High,Economic Releases,Prices,United States,,M,,,,,,1,GMT+11:00,Bureau of Labor Statistics,,,FDIUFDYO Index
203,US Country,11/10/2024 23:30,11/10/2024 23:30,PPI Ex Food and Energy YoY,Sep,,,2.4,,%,High,Economic Releases,Prices,United States,,M,,,,,,1,GMT+11:00,Bureau of Labor Statistics,,,FDIUSGYO Index
204,RU Country,12/10/2024 0:00,12/10/2024 0:00,Current Account Balance,3Q P,,,,,m,High,Economic Releases,Intl Trade & BoP,Russia,Preliminary,Q,,,,,,0,GMT+11:00,The Central Bank of the Russian Federation,USD,,RUCACAL Index
205,US Country,12/10/2024 1:00,12/10/2024 1:00,U. of Mich. Sentiment,Oct P,,,70.1,,,Very High,Economic Releases,Surveys/Cyclical Indicators,United States,Preliminary,M,,,,,,0,GMT+11:00,University of Michigan,,,CONSSENT Index
206,RU Country,12/10/2024 3:00,12/10/2024 3:00,CPI MoM,Sep,,,0.2,,%,High,Economic Releases,Prices,Russia,,M,,,,,,0,GMT+11:00,Federal Service of State Statistics,,,RUCPIMOM Index
207,RU Country,12/10/2024 3:00,12/10/2024 3:00,CPI YoY,Sep,,,9.05,,%,Very High,Economic Releases,Prices,Russia,,M,,,,,,0,GMT+11:00,Federal Service of State Statistics,,,RUCPIYOY Index
208,RU Country,12/10/2024 3:00,12/10/2024 3:00,CPI Core MoM,Sep,,,0.6,,%,High,Economic Releases,,Russia,,M,,,,,,0,GMT+11:00,Federal Service of State Statistics,,,RUCPBI Index
209,CN Country,13/10/2024 12:30,13/10/2024 12:30,PPI YoY,Sep,,,-1.8,,%,Very High,Economic Releases,Prices,China,,M,,,,,,0,GMT+11:00,National Bureau of Statistics of China,,,CHEFTYOY Index
210,CN Country,13/10/2024 12:30,13/10/2024 12:30,CPI YoY,Sep,,,0.6,,%,Very High,Economic Releases,Prices,China,,M,,,,,,0,GMT+11:00,National Bureau of Statistics of China,,,CNCPIYOY Index
211,IN Country,14/10/2024 17:30,14/10/2024 17:30,Wholesale Prices YoY,Sep,,,1.31,,%,High,Economic Releases,Prices,India,,M,,,,,,0,GMT+11:00,Press Information Bureau of India,,,INFINFY Index
212,CN Country,14/10/2024 20:00,15/10/2024 2:00,Exports YoY,Sep,,,8.7,,%,Very High,Economic Releases,Intl Trade & BoP,China,,M,,,,,,0,GMT+11:00,Customs General Administration PRC,,,CNFREXPY Index
213,CN Country,14/10/2024 20:00,15/10/2024 2:00,Imports YoY,Sep,,,0.5,,%,High,Economic Releases,Intl Trade & BoP,China,,M,,,,,,0,GMT+11:00,Customs General Administration PRC,,,CNFRIMPY Index
214,CN Country,14/10/2024 20:00,15/10/2024 2:00,Trade Balance,Sep,,,91.02,,b,Very High,Economic Releases,Intl Trade & BoP,China,,M,,,,,,0,GMT+11:00,Customs General Administration PRC,USD,,CNFRBAL$ Index
215,BR Country,14/10/2024 23:00,14/10/2024 23:00,Economic Activity MoM,Aug,,,-0.4,,%,High,Economic Releases,National Accounts (GDP),Brazil,,M,,,,,,0,GMT+11:00,Banco Central do Brasil,,,BZEAMOM% Index
216,IN Country,14/10/2024 23:00,14/10/2024 23:00,CPI YoY,Sep,,,3.65,,%,Very High,Economic Releases,Prices,India,,M,,,,,,0,GMT+11:00,Central Statistics Office India,,,INFUTOTY Index
217,ID Country,15/10/2024 15:00,15/10/2024 15:00,Exports YoY,Sep,,,7.13,,%,High,Economic Releases,Intl Trade & BoP,Indonesia,,M,,,,,,0,GMT+11:00,Badan Pusat Statistik Indonesia,,,IDEXPY Index
218,JP Country,15/10/2024 15:30,15/10/2024 15:30,Industrial Production MoM,Aug F,,,-3.3,,%,Very High,Economic Releases,Industrial Sector,Japan,Final,M,,,,,,0,GMT+11:00,Ministry of Economy Trade and Industry Japan,,,JNIPMOM Index
219,JP Country,15/10/2024 15:30,15/10/2024 15:30,Industrial Production YoY,Aug F,,,-4.9,,%,High,Economic Releases,Industrial Sector,Japan,Final,M,,,,,,0,GMT+11:00,Ministry of Economy Trade and Industry Japan,,,JNIPYOY Index
220,JP Country,15/10/2024 15:30,15/10/2024 15:30,Capacity Utilization MoM,Aug,,,2.5,,%,High,Economic Releases,Industrial Sector,Japan,,M,,,,,,0,GMT+11:00,Ministry of Economy Trade and Industry Japan,,,JNCAPMOM Index
221,GB Country,15/10/2024 17:00,15/10/2024 17:00,Average Weekly Earnings 3M/YoY,Aug,,,4,,%,High,,,United Kingdom,,M,,,,,,0,GMT+11:00,UK Office for National Statistics,GBP,,UKAWMWHO Index
222,GB Country,15/10/2024 17:00,15/10/2024 17:00,ILO Unemployment Rate 3Mths,Aug,,,4.1,,%,Very High,,,United Kingdom,,M,,,,,,0,GMT+11:00,UK Office for National Statistics,,,UKUEILOR Index
223,GB Country,15/10/2024 17:00,15/10/2024 17:00,Claimant Count Rate,Sep,,,4.7,,%,Very High,,,United Kingdom,,M,,,,,,0,GMT+11:00,UK Office for National Statistics,,,UKUER Index
224,GB Country,15/10/2024 17:00,15/10/2024 17:00,Jobless Claims Change,Sep,,,23.7,,k,Very High,,,United Kingdom,,M,,,,,,0,GMT+11:00,UK Office for National Statistics,,,UKUEMOM Index
225,SA Country,15/10/2024 17:00,15/10/2024 17:00,CPI YoY,Sep,,,1.58,,%,Very High,Economic Releases,Prices,Saudi Arabia,,M,,,,,,0,GMT+11:00,General Authority for Statistics Kingdom of Saudi Arabia,,,SRCPIYOY Index
226,FR Country,15/10/2024 17:45,15/10/2024 17:45,CPI EU Harmonized MoM,Sep F,,,-1.2,,%,High,Economic Releases,Prices,France,Final,M,,,,,,0,GMT+11:00,INSEE National Statistics Office of France,,,FRCPEECM Index
227,FR Country,15/10/2024 17:45,15/10/2024 17:45,CPI EU Harmonized YoY,Sep F,,,1.5,,%,High,Economic Releases,Prices,France,Final,M,,,,,,0,GMT+11:00,INSEE National Statistics Office of France,,,FRCPEECY Index
228,FR Country,15/10/2024 17:45,15/10/2024 17:45,CPI MoM,Sep F,,,-1.2,,%,High,Economic Releases,Prices,France,Final,M,,,,,,0,GMT+11:00,INSEE National Statistics Office of France,,,FRCPIMOM Index
229,FR Country,15/10/2024 17:45,15/10/2024 17:45,CPI YoY,Sep F,,,1.2,,%,Very High,Economic Releases,Prices,France,Final,M,,,,,,0,GMT+11:00,INSEE National Statistics Office of France,,,FRCPIYOY Index
230,DE Country,15/10/2024 20:00,15/10/2024 20:00,ZEW Survey Expectations,Oct,,,3.6,,,Very High,Economic Releases,Surveys/Cyclical Indicators,Germany,,M,,,,,,0,GMT+11:00,ZEW Zentrum fuer Europaeische Wirtschaftsforschung GmbH,,,GRZEWI Index
231,DE Country,15/10/2024 20:00,15/10/2024 20:00,ZEW Survey Current Situation,Oct,,,-84.5,,,Very High,Economic Releases,Surveys/Cyclical Indicators,Germany,,M,,,,,,0,GMT+11:00,ZEW Zentrum fuer Europaeische Wirtschaftsforschung GmbH,,,GRZECURR Index
232,EZ Country,15/10/2024 20:00,15/10/2024 20:00,ZEW Survey Expectations,Oct,,,9.3,,,High,Economic Releases,,Eurozone Aggregate,,M,,,,,,0,GMT+11:00,ZEW Zentrum fuer Europaeische Wirtschaftsforschung GmbH,,,GRZEEUEX Index
233,IN Country,15/10/2024 20:00,16/10/2024 2:00,Exports YoY,Sep,,,-9.3,,%,High,Economic Releases,Intl Trade & BoP,India,,M,,,,,,0,GMT+11:00,Directorate General of Commercial Intelligence and Statistics,,,INMTEXUY Index
234,CA Country,15/10/2024 23:30,15/10/2024 23:30,CPI NSA MoM,Sep,,,-0.2,,%,Very High,Economic Releases,Prices,Canada,,M,,,,,,0,GMT+11:00,STCA - Statistics Canada,,,CACPICHG Index
235,CA Country,15/10/2024 23:30,15/10/2024 23:30,CPI YoY,Sep,,,2,,%,Very High,Economic Releases,Prices,Canada,,M,,,,,,0,GMT+11:00,STCA - Statistics Canada,,,CACPIYOY Index
236,US Country,15/10/2024 23:30,15/10/2024 23:30,Empire Manufacturing,Oct,,,11.5,,,Very High,Economic Releases,Surveys/Cyclical Indicators,United States,,M,,,,,,0,GMT+11:00,Federal Reserve Bank of New York,USD,,EMPRGBCI Index
237,MX Country,16/10/2024 2:00,16/10/2024 2:00,International Reserves Weekly,Oct-11,,,,,m,High,Economic Releases,Monetary Sector,Mexico,,W,,,,,,0,GMT+11:00,Banco de Mexico,USD,,MXIRINUS Index
238,KR Country,16/10/2024 10:00,16/10/2024 10:00,Unemployment rate SA,Sep,,,2.4,,%,Very High,Economic Releases,Labor Market,South Korea,,M,,,,,,0,GMT+11:00,Statistics Korea,,,KOEAUERS Index
239,AU Country,16/10/2024 10:30,16/10/2024 10:30,Westpac Leading Index MoM,Sep,,,-0.05,,%,High,Economic Releases,Surveys/Cyclical Indicators,Australia,,M,,,,,,0,GMT+11:00,Melbourne Institute of Applied Economic and Social Research,,,AULILGM% Index
240,JP Country,16/10/2024 10:50,16/10/2024 10:50,Core Machine Orders MoM,Aug,,,-0.1,,%,Very High,Economic Releases,Industrial Sector,Japan,,M,,,,,,0,GMT+11:00,Economic and Social Research Institute Japan,,,JNMOCHNG Index
241,JP Country,16/10/2024 10:50,16/10/2024 10:50,Core Machine Orders YoY,Aug,,,8.724292,,%,High,Economic Releases,Industrial Sector,Japan,,M,,,,,,0,GMT+11:00,Economic and Social Research Institute Japan,,,JNMOYOY Index
242,GB Country,16/10/2024 17:00,16/10/2024 17:00,CPI MoM,Sep,,,0.3,,%,Very High,,,United Kingdom,,M,,,,,,0,GMT+11:00,UK Office for National Statistics,,,UKRPCJMR Index
243,GB Country,16/10/2024 17:00,16/10/2024 17:00,CPI YoY,Sep,,,2.2,,%,Very High,,,United Kingdom,,M,,,,,,0,GMT+11:00,UK Office for National Statistics,,,UKRPCJYR Index
244,GB Country,16/10/2024 17:00,16/10/2024 17:00,CPI Core YoY,Sep,,,3.6,,%,Very High,,,United Kingdom,,M,,,,,,0,GMT+11:00,UK Office for National Statistics,,,UKHCA9IQ Index
245,GB Country,16/10/2024 17:00,16/10/2024 17:00,Retail Price Index,Sep,,,389.9,,,High,,,United Kingdom,,M,,,,,,0,GMT+11:00,UK Office for National Statistics,,,UKRPI Index
246,GB Country,16/10/2024 17:00,16/10/2024 17:00,RPI MoM,Sep,,,0.6,,%,High,,,United Kingdom,,M,,,,,,0,GMT+11:00,UK Office for National Statistics,,,UKRPMOM Index
247,GB Country,16/10/2024 17:00,16/10/2024 17:00,RPI YoY,Sep,,,3.5,,%,High,,,United Kingdom,,M,,,,,,0,GMT+11:00,UK Office for National Statistics,,,UKRPYOY Index
248,ID Country,16/10/2024 18:20,16/10/2024 18:20,BI-Rate,Oct-16,,,6,,%,Very High,Economic Releases,Financial Indicators,Indonesia,,D,,,,,,0,GMT+11:00,Bank Indonesia,IDR,,IDBIRRPO Index
249,IT Country,16/10/2024 19:00,16/10/2024 19:00,CPI EU Harmonized YoY,Sep F,,,,,%,Very High,Economic Releases,Prices,Italy,Final,M,,,,,,0,GMT+11:00,ISTAT,,,ITCPEY Index
250,BR Country,16/10/2024 22:00,16/10/2024 22:00,FGV CPI IPC-S,Oct-15,,,,,%,High,Economic Releases,Prices,Brazil,,D,,,,,,0,GMT+11:00,Fundacao Getulio Vargas,BRL,,BZW IPCS Index
251,US Country,16/10/2024 22:00,16/10/2024 22:00,MBA Mortgage Applications,Oct-11,,,,,%,Very High,Economic Releases,Housing and Real Estate,United States,,W,,,,,,0,GMT+11:00,Mortgage Bankers Association,,,MBAVCHNG Index
252,ZA Country,16/10/2024 22:00,16/10/2024 22:00,Retail Sales Constant YoY,Aug,,,2,,%,Very High,Economic Releases,Retail & Wholesale Sector,South Africa,,M,,,,,,0,GMT+11:00,Statistics South Africa,ZAR,,SARSCONY Index
253,ZA Country,16/10/2024 22:00,16/10/2024 22:00,Retail Sales MoM,Aug,,,-0.2,,%,High,Economic Releases,Retail & Wholesale Sector,South Africa,,M,,,,,,0,GMT+11:00,Statistics South Africa,,,SARSTCSM Index
254,CA Country,16/10/2024 23:15,16/10/2024 23:15,Housing Starts,Sep,,,217.405,,k,High,Economic Releases,Housing and Real Estate,Canada,,M,,,,,,0,GMT+11:00,,,,CAHSTOTL Index
255,CA Country,16/10/2024 23:30,16/10/2024 23:30,Manufacturing Sales MoM,Aug,,,1.4,,%,High,Economic Releases,Industrial Sector,Canada,,M,,,,,,0,GMT+11:00,STCA - Statistics Canada,CAD,,CAMFCHNG Index
256,US Country,16/10/2024 23:30,16/10/2024 23:30,Import Price Index MoM,Sep,,,-0.3,,%,High,Economic Releases,Intl Trade & BoP,United States,,M,,,,,,0,GMT+11:00,Bureau of Labor Statistics,USD,,IMP1CHNG Index
257,RU Country,17/10/2024 3:00,17/10/2024 3:00,CPI WoW,Oct-14,,,,,%,High,Economic Releases,,Russia,,D,,,,,,0,GMT+11:00,Federal Service of State Statistics,,,RUWCWOW Index
258,JP Country,17/10/2024 10:50,17/10/2024 10:50,Trade Balance,Sep,,,-695.3,-703.19531,b,High,Economic Releases,Intl Trade & BoP,Japan,,M,,,,,,0,GMT+11:00,Ministry of Finance Japan,JPY,,JNTBAL Index
259,AU Country,17/10/2024 11:30,17/10/2024 11:30,Employment Change,Sep,,,47.5,,k,Very High,Economic Releases,Labor Market,Australia,,M,,,,,,0,GMT+11:00,Australian Bureau of Statistics,,,AULFEMPC Index
260,AU Country,17/10/2024 11:30,17/10/2024 11:30,Unemployment Rate,Sep,,,4.2,,%,Very High,Economic Releases,Labor Market,Australia,,M,,,,,,0,GMT+11:00,Australian Bureau of Statistics,,,AULFUNEM Index
261,AU Country,17/10/2024 11:30,17/10/2024 11:30,Participation Rate,Sep,,,67.1,,%,High,Economic Releases,Labor Market,Australia,,M,,,,,,0,GMT+11:00,Australian Bureau of Statistics,,,AULFPART Index
262,JP Country,17/10/2024 15:30,17/10/2024 15:30,Tertiary Industry Index MoM,Aug,,,1.4,,%,Very High,Economic Releases,Services Sector,Japan,,M,,,,,,0,GMT+11:00,Ministry of Economy Trade and Industry Japan,,,JNTIAMOM Index
263,EZ Country,17/10/2024 20:00,17/10/2024 20:00,CPI YoY,Sep F,,,2.2,2.2,%,Very High,Economic Releases,Prices,Eurozone Aggregate,Final,M,,,,,,0,GMT+11:00,Eurostat,,,ECCPEMUY Index
264,EZ Country,17/10/2024 20:00,17/10/2024 20:00,CPI MoM,Sep F,,,,,%,Very High,Economic Releases,Prices,Eurozone Aggregate,Final,M,,,,,,0,GMT+11:00,Eurostat,EUR,,ECCPEMUM Index
265,EZ Country,17/10/2024 20:00,17/10/2024 20:00,CPI Core YoY,Sep F,,,,,%,High,Economic Releases,Prices,Eurozone Aggregate,Final,M,,,,,,0,GMT+11:00,Eurostat,EUR,,CPEXEMUY Index
266,TR Country,17/10/2024 22:00,17/10/2024 22:00,One-Week Repo Rate,Oct-17,,,50,,%,Very High,Economic Releases,Financial Indicators,Turkey,,D,,,,,,0,GMT+11:00,Central Bank of Turkey,TRY,,TUBR1WRA Index
267,EZ Country,17/10/2024 23:15,17/10/2024 23:15,ECB Deposit Facility Rate,Oct-17,,,3.5,,%,Very High,Economic Releases,Financial Indicators,Eurozone Aggregate,,D,,,,,,0,GMT+11:00,European Central Bank,EUR,,EUORDEPO Index
268,EZ Country,17/10/2024 23:15,17/10/2024 23:15,ECB Main Refinancing Rate,Oct-17,,,3.65,,%,Very High,Economic Releases,Financial Indicators,Eurozone Aggregate,,D,,,,,,0,GMT+11:00,European Central Bank,EUR,,EURR002W Index
269,EZ Country,17/10/2024 23:15,17/10/2024 23:15,ECB Marginal Lending Facility,Oct-17,,,3.9,,%,High,Economic Releases,Financial Indicators,Eurozone Aggregate,,D,,,,,,0,GMT+11:00,European Central Bank,EUR,,EUORMARG Index
270,US Country,17/10/2024 23:30,17/10/2024 23:30,Retail Sales Advance MoM,Sep,,,0.1,,%,Very High,Economic Releases,Retail & Wholesale Sector,United States,,M,,,,,,1,GMT+11:00,U.S. Census Bureau,,,RSTAMOM Index
271,US Country,17/10/2024 23:30,17/10/2024 23:30,Retail Sales Ex Auto MoM,Sep,,,0.1,,%,High,Economic Releases,Retail & Wholesale Sector,United States,,M,,,,,,1,GMT+11:00,U.S. Census Bureau,USD,,RSTAXMOM Index
272,US Country,17/10/2024 23:30,17/10/2024 23:30,Philadelphia Fed Business Outlook,Oct,,,1.7,,,High,Economic Releases,Surveys/Cyclical Indicators,United States,,M,,,,,,0,GMT+11:00,Philadelphia Federal Reserve,,,OUTFGAF Index
273,US Country,17/10/2024 23:30,17/10/2024 23:30,Initial Jobless Claims,Oct-12,,,,,k,Very High,Economic Releases,Labor Market,United States,,W,,,,,,0,GMT+11:00,Department of Labor,,,INJCJC Index
274,US Country,17/10/2024 23:30,17/10/2024 23:30,Continuing Claims,Oct-05,,,,,k,High,Economic Releases,Labor Market,United States,,W,,,,,,0,GMT+11:00,Department of Labor,,,INJCSP Index
275,RU Country,18/10/2024 0:00,18/10/2024 0:00,Gold and Forex Reserve,Oct-11,,,,,b,Very High,Economic Releases,Metals,Russia,,W,,,,,,0,GMT+11:00,The Central Bank of the Russian Federation,USD,,RUREFEG Index
276,US Country,18/10/2024 0:15,18/10/2024 0:15,Industrial Production MoM,Sep,,,0.8,,%,Very High,Economic Releases,Industrial Sector,United States,,M,,,,,,1,GMT+11:00,Federal Reserve,,,IP  CHNG Index
277,US Country,18/10/2024 0:15,18/10/2024 0:15,Capacity Utilization,Sep,,,78,,%,High,Economic Releases,Industrial Sector,United States,,M,,,,,,1,GMT+11:00,Federal Reserve,,,CPTICHNG Index
278,US Country,18/10/2024 7:00,18/10/2024 7:00,Total Net TIC Flows,Aug,,,156.5,,b,High,Economic Releases,,United States,,M,,,,,,0,GMT+11:00,US Treasury,USD,,FRNTTNET Index
279,US Country,18/10/2024 7:00,18/10/2024 7:00,Net Long-term TIC Flows,Aug,,,135.4,,b,High,Economic Releases,,United States,,M,,,,,,0,GMT+11:00,US Treasury,USD,,FRNTTOTL Index
280,JP Country,18/10/2024 10:30,18/10/2024 10:30,Natl CPI YoY,Sep,,,3,,%,Very High,Economic Releases,Prices,Japan,,M,,,,,,0,GMT+11:00,Ministry of Internal Affairs and Communications,,,JNCPIYOY Index
281,JP Country,18/10/2024 10:30,18/10/2024 10:30,Natl CPI Ex Fresh Food YoY,Sep,,,2.8,,%,High,Economic Releases,Prices,Japan,,M,,,,,,0,GMT+11:00,Ministry of Internal Affairs and Communications,,,JNCPIXFF Index
282,CN Country,18/10/2024 13:00,18/10/2024 13:00,GDP YoY,3Q,,,4.7,,%,Very High,Economic Releases,National Accounts (GDP),China,,Q,,,,,,0,GMT+11:00,National Bureau of Statistics of China,,,CNGDPYOY Index
283,CN Country,18/10/2024 13:00,18/10/2024 13:00,GDP YTD YoY,3Q,,,5,,%,High,Economic Releases,National Accounts (GDP),China,,Q,,,,,,0,GMT+11:00,National Bureau of Statistics of China,,,CNGDPC$Y Index
284,CN Country,18/10/2024 13:00,18/10/2024 13:00,Industrial Production YoY,Sep,,,4.5,,%,Very High,Economic Releases,Industrial Sector,China,,M,,,,,,0,GMT+11:00,National Bureau of Statistics of China,,,CHVAIOY Index
285,CN Country,18/10/2024 13:00,18/10/2024 13:00,Industrial Production YTD YoY,Sep,,,5.8,,%,High,Economic Releases,Industrial Sector,China,,M,,,,,,0,GMT+11:00,National Bureau of Statistics of China,,,CHVAICY Index
286,CN Country,18/10/2024 13:00,18/10/2024 13:00,Retail Sales YoY,Sep,,,2.1,,%,Very High,Economic Releases,Retail & Wholesale Sector,China,,M,,,,,,0,GMT+11:00,National Bureau of Statistics of China,,,CNRSCYOY Index
287,CN Country,18/10/2024 13:00,18/10/2024 13:00,Retail Sales YTD YoY,Sep,,,3.4,,%,High,Economic Releases,Retail & Wholesale Sector,China,,M,,,,,,0,GMT+11:00,National Bureau of Statistics of China,,,CNRSACMY Index
288,CN Country,18/10/2024 13:00,18/10/2024 13:00,Fixed Assets Ex Rural YTD YoY,Sep,,,3.4,,%,High,Economic Releases,Industrial Sector,China,,M,,,,,,0,GMT+11:00,National Bureau of Statistics of China,,,CNFAYOY Index
289,GB Country,18/10/2024 17:00,18/10/2024 17:00,Retail Sales Inc Auto Fuel MoM,Sep,,,1,,%,Very High,,,United Kingdom,,M,,,,,,0,GMT+11:00,UK Office for National Statistics,,,UKRVINFM Index
290,GB Country,18/10/2024 17:00,18/10/2024 17:00,Retail Sales Inc Auto Fuel YoY,Sep,,,2.5,,%,Very High,,,United Kingdom,,M,,,,,,0,GMT+11:00,UK Office for National Statistics,,,UKRVINFY Index
291,GB Country,18/10/2024 17:00,18/10/2024 17:00,Retail Sales Ex Auto Fuel MoM,Sep,,,1.1,,%,High,,,United Kingdom,,M,,,,,,0,GMT+11:00,UK Office for National Statistics,,,UKRVAMOM Index
292,GB Country,18/10/2024 17:00,18/10/2024 17:00,Retail Sales Ex Auto Fuel YoY,Sep,,,2.3,,%,High,,,United Kingdom,,M,,,,,,0,GMT+11:00,UK Office for National Statistics,,,UKRVAYOY Index
293,US Country,18/10/2024 23:30,18/10/2024 23:30,Housing Starts,Sep,,,1356,,k,Very High,Economic Releases,Housing and Real Estate,United States,,M,,,,,,1,GMT+11:00,U.S. Census Bureau,,,NHSPSTOT Index
294,US Country,18/10/2024 23:30,18/10/2024 23:30,Building Permits,Sep,,,1475,1470,k,High,Economic Releases,Housing and Real Estate,United States,,M,,,,,,1,GMT+11:00,U.S. Census Bureau,,,NHSPATOT Index
295,AR Country,19/10/2024 6:00,19/10/2024 6:00,Trade Balance,Sep,,,1963,,m,High,Economic Releases,Intl Trade & BoP,Argentina,,M,,,,,,0,GMT+11:00,Instituto Nacional de Estadistica y Censos Argentina,USD,,ARBABAL Index
296,GB Country,21/10/2024 10:01,21/10/2024 10:01,Rightmove House Prices MoM,Oct,,,0.8,,%,High,,,United Kingdom,,M,,,,,,0,GMT+11:00,Rightmove,,,UKRMNAPM Index
297,AR Country,21/10/2024 20:00,22/10/2024 2:00,Budget Balance,Sep,,,899660,,m,High,Economic Releases,Government Finance & Debt,Argentina,,M,,,,,,0,GMT+11:00,Ministerio de Economia y Produccion,ARS,,ARDMSUMM Index
298,US Country,22/10/2024 1:00,22/10/2024 1:00,Leading Index,Sep,,,-0.2,,%,Very High,Economic Releases,Surveys/Cyclical Indicators,United States,,M,,,,,,0,GMT+11:00,Conference Board,,,LEI CHNG Index
299,KR Country,22/10/2024 8:00,22/10/2024 8:00,PPI YoY,Sep,,,1.6,,%,High,Economic Releases,Prices,South Korea,,M,,,,,,0,GMT+11:00,Bank of Korea,,,KOPPIYOY Index
300,GB Country,22/10/2024 17:00,22/10/2024 17:00,PSNB ex Banking Groups,Sep,,,13.7,,b,High,,,United Kingdom,,M,,,,,,0,GMT+11:00,UK Office for National Statistics,GBP,,UKPSJ5II Index
301,MX Country,22/10/2024 23:00,22/10/2024 23:00,Economic Activity IGAE YoY,Aug,,,3.778727,,%,High,Economic Releases,National Accounts (GDP),Mexico,,M,,,,,,0,GMT+11:00,INEGI,MXN,,IGAEYOY Index
302,CA Country,22/10/2024 23:30,22/10/2024 23:30,Industrial Product Price MoM,Sep,,,-0.8,,%,High,Economic Releases,Prices,Canada,,M,,,,,,0,GMT+11:00,STCA - Statistics Canada,,,CAIPMOM Index
303,US Country,23/10/2024 1:00,23/10/2024 1:00,Richmond Fed Manufact. Index,Oct,,,-21,,,High,Economic Releases,Surveys/Cyclical Indicators,United States,,M,,,,,,0,GMT+11:00,Richmond Fed,,,RCHSINDX Index
304,MX Country,23/10/2024 2:00,23/10/2024 2:00,International Reserves Weekly,Oct-18,,,,,m,High,Economic Releases,Monetary Sector,Mexico,,W,,,,,,0,GMT+11:00,Banco de Mexico,USD,,MXIRINUS Index
305,ZA Country,23/10/2024 19:00,23/10/2024 19:00,CPI MoM,Sep,,,0.1,,%,High,Economic Releases,Prices,South Africa,,M,,,,,,0,GMT+11:00,Statistics South Africa,ZAR,,SACPIMOM Index
306,ZA Country,23/10/2024 19:00,23/10/2024 19:00,CPI YoY,Sep,,,4.4,,%,Very High,Economic Releases,Prices,South Africa,,M,,,,,,0,GMT+11:00,Statistics South Africa,ZAR,,SACPIYOY Index
307,ZA Country,23/10/2024 19:00,23/10/2024 19:00,CPI Core YoY,Sep,,,4.1,,%,High,Economic Releases,Prices,South Africa,,M,,,,,,0,GMT+11:00,Statistics South Africa,,,SCP8EPNY Index
308,BR Country,23/10/2024 22:00,23/10/2024 22:00,FGV CPI IPC-S,Oct-22,,,,,%,High,Economic Releases,Prices,Brazil,,D,,,,,,0,GMT+11:00,Fundacao Getulio Vargas,BRL,,BZW IPCS Index
309,US Country,23/10/2024 22:00,23/10/2024 22:00,MBA Mortgage Applications,Oct-18,,,,,%,Very High,Economic Releases,Housing and Real Estate,United States,,W,,,,,,0,GMT+11:00,Mortgage Bankers Association,,,MBAVCHNG Index
310,MX Country,23/10/2024 23:00,23/10/2024 23:00,Retail Sales YoY,Aug,,,-0.60409,,%,Very High,Economic Releases,Retail & Wholesale Sector,Mexico,,M,,,,,,0,GMT+11:00,INEGI,,,MXWRTRYO Index
311,CA Country,24/10/2024 0:45,24/10/2024 0:45,Bank of Canada Rate Decision,Oct-23,4,,4.25,,%,Very High,Economic Releases,Financial Indicators,Canada,,D,,3.982142857,4.25,3.75,0.114341504,14,GMT+11:00,Bank of Canada,CAD,,CABROVER Index
312,EZ Country,24/10/2024 1:00,24/10/2024 1:00,Consumer Confidence,Oct P,,,-12.9,,,High,Economic Releases,Surveys/Cyclical Indicators,Eurozone Aggregate,Preliminary,M,,,,,,0,GMT+11:00,European Commission,,,EUCCEMU Index
313,US Country,24/10/2024 1:00,24/10/2024 1:00,Existing Home Sales,Sep,,,3.86,,m,Very High,Economic Releases,Housing and Real Estate,United States,,M,,,,,,0,GMT+11:00,National Assoc. of Realtors,,,ETSLTOTL Index
314,RU Country,24/10/2024 3:00,24/10/2024 3:00,Industrial Production YoY,Sep,,,2.7,,%,Very High,Economic Releases,Industrial Sector,Russia,,M,,,,,,0,GMT+11:00,Federal Service of State Statistics,,,RUIPRNYY Index
315,RU Country,24/10/2024 3:00,24/10/2024 3:00,CPI WoW,Oct-21,,,,,%,High,Economic Releases,,Russia,,D,,,,,,0,GMT+11:00,Federal Service of State Statistics,,,RUWCWOW Index
316,AR Country,24/10/2024 6:00,24/10/2024 6:00,Economic Activity Index YoY,Aug,,,-1.3,,%,High,Economic Releases,National Accounts (GDP),Argentina,,M,,,,,,0,GMT+11:00,Instituto Nacional de Estadistica y Censos Argentina,,,AREMORMO Index
317,AR Country,24/10/2024 6:00,24/10/2024 6:00,Economic Activity Index MoM,Aug,,,1.7,,%,Very High,Economic Releases,National Accounts (GDP),Argentina,,M,,,,,,0,GMT+11:00,Instituto Nacional de Estadistica y Censos Argentina,,,AREMDEMO Index
318,KR Country,24/10/2024 8:00,24/10/2024 8:00,Business Survey Manufacturing,Nov,,,73,,,High,Economic Releases,Surveys/Cyclical Indicators,South Korea,,M,,,,,,0,GMT+11:00,Bank of Korea,,,KOBSMC Index
319,KR Country,24/10/2024 10:00,24/10/2024 10:00,GDP YoY,3Q A,,,2.3,,%,Very High,Economic Releases,National Accounts (GDP),South Korea,Advance,Q,,,,,,0,GMT+11:00,Bank of Korea,,,KOGDPYOY Index
320,KR Country,24/10/2024 10:00,24/10/2024 10:00,GDP SA QoQ,3Q A,,,-0.2,,%,Very High,Economic Releases,National Accounts (GDP),South Korea,Advance,Q,,,,,,0,GMT+11:00,Bank of Korea,,,KOGDPQOQ Index
321,JP Country,24/10/2024 11:30,24/10/2024 11:30,Jibun Bank Japan PMI Composite,Oct P,,,,,,High,Economic Releases,Purchasing Managers' Index,Japan,Preliminary,M,,,,,,0,GMT+11:00,S&P Global,,,MPMIJPCA Index
322,JP Country,24/10/2024 11:30,24/10/2024 11:30,Jibun Bank Japan PMI Mfg,Oct P,,,,,,Very High,Economic Releases,Purchasing Managers' Index,Japan,Preliminary,M,,,,,,0,GMT+11:00,S&P Global,,,MPMIJPMA Index
323,JP Country,24/10/2024 11:30,24/10/2024 11:30,Jibun Bank Japan PMI Services,Oct P,,,,,,High,Economic Releases,Purchasing Managers' Index,Japan,Preliminary,M,,,,,,0,GMT+11:00,S&P Global,,,MPMIJPSA Index
324,IN Country,24/10/2024 16:00,24/10/2024 16:00,HSBC India PMI Mfg,Oct P,,,,,,Very High,Economic Releases,Purchasing Managers' Index,India,Preliminary,M,,,,,,0,GMT+11:00,S&P Global,,,MPMIINMA Index
325,IN Country,24/10/2024 16:00,24/10/2024 16:00,HSBC India PMI Composite,Oct P,,,,,,High,Economic Releases,Purchasing Managers' Index,India,Preliminary,M,,,,,,0,GMT+11:00,S&P Global,,,MPMIINCA Index
326,IN Country,24/10/2024 16:00,24/10/2024 16:00,HSBC India PMI Services,Oct P,,,,,,High,Economic Releases,Purchasing Managers' Index,India,Preliminary,M,,,,,,0,GMT+11:00,S&P Global,,,MPMIINSA Index
327,JP Country,24/10/2024 17:00,24/10/2024 17:00,Machine Tool Orders YoY,Sep F,,,,,%,High,Economic Releases,,Japan,Final,M,,,,,,0,GMT+11:00,Japan Machine Tool Builders' Association,,,JNMTOY Index
328,FR Country,24/10/2024 17:45,24/10/2024 17:45,Manufacturing Confidence,Oct,,,99,,,High,Economic Releases,Surveys/Cyclical Indicators,France,,M,,,,,,0,GMT+11:00,INSEE National Statistics Office of France,,,INSESYNT Index
329,FR Country,24/10/2024 18:15,24/10/2024 18:15,HCOB France Manufacturing PMI,Oct P,,,,,,Very High,Economic Releases,Purchasing Managers' Index,France,Preliminary,M,,,,,,0,GMT+11:00,S&P Global,,,MPMIFRMA Index
330,FR Country,24/10/2024 18:15,24/10/2024 18:15,HCOB France Services PMI,Oct P,,,,,,Very High,Economic Releases,Purchasing Managers' Index,France,Preliminary,M,,,,,,0,GMT+11:00,S&P Global,,,MPMIFRSA Index
331,FR Country,24/10/2024 18:15,24/10/2024 18:15,HCOB France Composite PMI,Oct P,,,,,,Very High,Economic Releases,Purchasing Managers' Index,France,Preliminary,M,,,,,,0,GMT+11:00,S&P Global,,,MPMIFRCA Index
332,DE Country,24/10/2024 18:30,24/10/2024 18:30,HCOB Germany Manufacturing PMI,Oct P,,,,,,Very High,Economic Releases,Purchasing Managers' Index,Germany,Preliminary,M,,,,,,0,GMT+11:00,S&P Global,,,MPMIDEMA Index
333,DE Country,24/10/2024 18:30,24/10/2024 18:30,HCOB Germany Services PMI,Oct P,,,,,,High,Economic Releases,Purchasing Managers' Index,Germany,Preliminary,M,,,,,,0,GMT+11:00,S&P Global,,,MPMIDESA Index
334,DE Country,24/10/2024 18:30,24/10/2024 18:30,HCOB Germany Composite PMI,Oct P,,,,,,High,Economic Releases,Purchasing Managers' Index,Germany,Preliminary,M,,,,,,0,GMT+11:00,S&P Global,,,MPMIDECA Index
335,EZ Country,24/10/2024 19:00,24/10/2024 19:00,HCOB Eurozone Manufacturing PMI,Oct P,,,,,,Very High,Economic Releases,Purchasing Managers' Index,Eurozone Aggregate,Preliminary,M,,,,,,0,GMT+11:00,S&P Global,,,MPMIEZMA Index
336,EZ Country,24/10/2024 19:00,24/10/2024 19:00,HCOB Eurozone Services PMI,Oct P,,,,,,High,Economic Releases,Purchasing Managers' Index,Eurozone Aggregate,Preliminary,M,,,,,,0,GMT+11:00,S&P Global,,,MPMIEZSA Index
337,EZ Country,24/10/2024 19:00,24/10/2024 19:00,HCOB Eurozone Composite PMI,Oct P,,,,,,High,Economic Releases,Purchasing Managers' Index,Eurozone Aggregate,Preliminary,M,,,,,,0,GMT+11:00,S&P Global,,,MPMIEZCA Index
338,GB Country,24/10/2024 19:30,24/10/2024 19:30,S&P Global UK Manufacturing PMI,Oct P,,,,,,Very High,,,United Kingdom,Preliminary,M,,,,,,0,GMT+11:00,S&P Global,,,MPMIGBMA Index
339,GB Country,24/10/2024 19:30,24/10/2024 19:30,S&P Global UK Services PMI,Oct P,,,,,,High,,,United Kingdom,Preliminary,M,,,,,,0,GMT+11:00,S&P Global,,,MPMIGBSA Index
340,GB Country,24/10/2024 19:30,24/10/2024 19:30,S&P Global UK Composite PMI,Oct P,,,,,,High,,,United Kingdom,Preliminary,M,,,,,,0,GMT+11:00,S&P Global,,,MPMIGBCA Index
341,BR Country,24/10/2024 23:00,24/10/2024 23:00,IBGE Inflation IPCA-15 MoM,Oct,,,0.13,,%,Very High,Economic Releases,Prices,Brazil,,M,,,,,,0,GMT+11:00,IBGE,,,BZPIIPMO Index
342,BR Country,24/10/2024 23:00,24/10/2024 23:00,IBGE Inflation IPCA-15 YoY,Oct,,,4.12,,%,High,Economic Releases,Prices,Brazil,,M,,,,,,0,GMT+11:00,IBGE,,,BZPIIPYO Index
343,MX Country,24/10/2024 23:00,24/10/2024 23:00,Bi-Weekly CPI YoY,Oct-15,,,,,%,High,Economic Releases,Prices,Mexico,,D,,,,,,0,GMT+11:00,INEGI,MXN,,MXBWYOY Index
344,MX Country,24/10/2024 23:00,24/10/2024 23:00,Bi-Weekly CPI,Oct-15,,,,,%,Very High,Economic Releases,Prices,Mexico,,D,,,,,,0,GMT+11:00,INEGI,MXN,,MXBWMOM Index
345,MX Country,24/10/2024 23:00,24/10/2024 23:00,Bi-Weekly Core CPI,Oct-15,,,,,%,High,Economic Releases,Prices,Mexico,,D,,,,,,0,GMT+11:00,INEGI,MXN,,MXBWCORE Index
346,US Country,24/10/2024 23:30,24/10/2024 23:30,Chicago Fed Nat Activity Index,Sep,,,0.12,,,High,Economic Releases,,United States,,M,,,,,,0,GMT+11:00,Federal Reserve Bank of Chicago,USD,,CFNAI Index
347,US Country,24/10/2024 23:30,24/10/2024 23:30,Initial Jobless Claims,Oct-19,,,,,k,Very High,Economic Releases,Labor Market,United States,,W,,,,,,0,GMT+11:00,Department of Labor,,,INJCJC Index
348,US Country,24/10/2024 23:30,24/10/2024 23:30,Continuing Claims,Oct-12,,,,,k,High,Economic Releases,Labor Market,United States,,W,,,,,,0,GMT+11:00,Department of Labor,,,INJCSP Index
349,RU Country,25/10/2024 0:00,25/10/2024 0:00,Gold and Forex Reserve,Oct-18,,,,,b,Very High,Economic Releases,Metals,Russia,,W,,,,,,0,GMT+11:00,The Central Bank of the Russian Federation,USD,,RUREFEG Index
350,US Country,25/10/2024 0:45,25/10/2024 0:45,S&P Global US Manufacturing PMI,Oct P,,,,,,Very High,Economic Releases,"Industrial Sector, Surveys/Cyclical Indicators, Purchasing Managers' Index",United States,Preliminary,M,,,,,,0,GMT+11:00,S&P Global,,,MPMIUSMA Index
351,US Country,25/10/2024 0:45,25/10/2024 0:45,S&P Global US Services PMI,Oct P,,,,,,High,Economic Releases,"Services Sector, Purchasing Managers' Index",United States,Preliminary,M,,,,,,0,GMT+11:00,S&P Global,,,MPMIUSSA Index
352,US Country,25/10/2024 0:45,25/10/2024 0:45,S&P Global US Composite PMI,Oct P,,,,,,High,Economic Releases,"Surveys/Cyclical Indicators, Purchasing Managers' Index",United States,Preliminary,M,,,,,,0,GMT+11:00,S&P Global,,,MPMIUSCA Index
353,US Country,25/10/2024 1:00,25/10/2024 1:00,New Home Sales,Sep,,,716,,k,Very High,Economic Releases,Housing and Real Estate,United States,,M,,,,,,0,GMT+11:00,U.S. Census Bureau,,,NHSLTOT Index
354,GB Country,25/10/2024 10:01,25/10/2024 10:01,GfK Consumer Confidence,Oct,,,-20,,,High,,,United Kingdom,,M,,,,,,0,GMT+11:00,GfK NOP (UK),,,UKCCI Index
355,JP Country,25/10/2024 10:30,25/10/2024 10:30,Tokyo CPI YoY,Oct,,,2.2,,%,High,Economic Releases,Prices,Japan,,M,,,,,,0,GMT+11:00,Ministry of Internal Affairs and Communications,,,JNCPT Index
356,JP Country,25/10/2024 10:30,25/10/2024 10:30,Tokyo CPI Ex-Fresh Food YoY,Oct,,,2,,%,Very High,Economic Releases,Prices,Japan,,M,,,,,,0,GMT+11:00,Ministry of Internal Affairs and Communications,,,JNCPTXFF Index
357,FR Country,25/10/2024 17:45,25/10/2024 17:45,Consumer Confidence,Oct,,,95,,,High,Economic Releases,Surveys/Cyclical Indicators,France,,M,,,,,,0,GMT+11:00,INSEE National Statistics Office of France,,,FRCCO Index
358,TR Country,25/10/2024 18:00,25/10/2024 18:00,Capacity Utilization,Oct,,,74.9,,%,High,Economic Releases,Industrial Sector,Turkey,,M,,,,,,0,GMT+11:00,Central Bank of Turkey,,,TYCOLEV Index
359,DE Country,25/10/2024 19:00,25/10/2024 19:00,IFO Business Climate,Oct,,,85.4,,,Very High,Economic Releases,Surveys/Cyclical Indicators,Germany,,M,,,,,,0,GMT+11:00,IFO Institute - Institut fuer Wirtschaftsforschung,,,GRIFPBUS Index
360,DE Country,25/10/2024 19:00,25/10/2024 19:00,IFO Current Assessment,Oct,,,84.4,,,High,Economic Releases,Surveys/Cyclical Indicators,Germany,,M,,,,,,0,GMT+11:00,IFO Institute - Institut fuer Wirtschaftsforschung,,,GRIFPCA Index
361,DE Country,25/10/2024 19:00,25/10/2024 19:00,IFO Expectations,Oct,,,86.3,,,High,Economic Releases,Surveys/Cyclical Indicators,Germany,,M,,,,,,0,GMT+11:00,IFO Institute - Institut fuer Wirtschaftsforschung,,,GRIFPEX Index
362,EZ Country,25/10/2024 19:00,25/10/2024 19:00,M3 Money Supply YoY,Sep,,,2.9,,%,Very High,Economic Releases,Monetary Sector,Eurozone Aggregate,,M,,,,,,0,GMT+11:00,European Central Bank,EUR,,ECMAM3YY Index
363,IT Country,25/10/2024 19:00,25/10/2024 19:00,Consumer Confidence Index,Oct,,,98.3,,,Very High,Economic Releases,Surveys/Cyclical Indicators,Italy,,M,,,,,,0,GMT+11:00,ISTAT,,,ITPSSA Index
364,IT Country,25/10/2024 19:00,25/10/2024 19:00,Manufacturing Confidence,Oct,,,86.7,,,Very High,Economic Releases,Surveys/Cyclical Indicators,Italy,,M,,,,,,0,GMT+11:00,ISTAT,EUR,,ITBCI Index
365,IT Country,25/10/2024 19:00,25/10/2024 19:00,Economic Sentiment,Oct,,,95.7,,,High,Economic Releases,,Italy,,M,,,,,,0,GMT+11:00,ISTAT,,,ITESECSE Index
366,RU Country,25/10/2024 21:30,25/10/2024 21:30,Key Rate,Oct-25,,,19,,%,Very High,Economic Releases,Financial Indicators,Russia,,D,,,,,,0,GMT+11:00,The Central Bank of the Russian Federation,RUB,,RREFKANN Index
367,CA Country,25/10/2024 23:30,25/10/2024 23:30,Retail Sales MoM,Aug,,,0.9,,%,High,Economic Releases,Retail & Wholesale Sector,Canada,,M,,,,,,0,GMT+11:00,STCA - Statistics Canada,,,CARSCHNG Index
368,CA Country,25/10/2024 23:30,25/10/2024 23:30,Retail Sales Ex Auto MoM,Aug,,,0.4,,%,High,Economic Releases,Retail & Wholesale Sector,Canada,,M,,,,,,0,GMT+11:00,STCA - Statistics Canada,CAD,,CARSXASC Index
369,US Country,25/10/2024 23:30,25/10/2024 23:30,Durable Goods Orders,Sep P,,,,,%,Very High,Economic Releases,Industrial Sector,United States,Preliminary,M,,,,,,0,GMT+11:00,U.S. Census Bureau,,,DGNOCHNG Index
370,US Country,25/10/2024 23:30,25/10/2024 23:30,Durables Ex Transportation,Sep P,,,,,%,High,Economic Releases,,United States,Preliminary,M,,,,,,0,GMT+11:00,U.S. Census Bureau,,,DGNOXTCH Index
371,US Country,26/10/2024 1:00,26/10/2024 1:00,U. of Mich. Sentiment,Oct F,,,,,,Very High,Economic Releases,Surveys/Cyclical Indicators,United States,Final,M,,,,,,0,GMT+11:00,University of Michigan,,,CONSSENT Index
372,MX Country,28/10/2024 23:00,28/10/2024 23:00,Trade Balance,Sep,,,-4868.016,,m,High,Economic Releases,Intl Trade & BoP,Mexico,,M,,,,,,0,GMT+11:00,INEGI,USD,,MXTBBAL Index
373,US Country,29/10/2024 1:30,29/10/2024 1:30,Dallas Fed Manf. Activity,Oct,,,,,,High,Economic Releases,Surveys/Cyclical Indicators,United States,,M,,,,,,0,GMT+11:00,Federal Reserve Bank of Dallas,,,DFEDGBA Index
374,JP Country,29/10/2024 10:30,29/10/2024 10:30,Jobless Rate,Sep,,,,,%,Very High,Economic Releases,Labor Market,Japan,,M,,,,,,0,GMT+11:00,Ministry of Internal Affairs and Communications,,,JNUE Index
375,JP Country,29/10/2024 10:30,29/10/2024 10:30,Job-To-Applicant Ratio,Sep,,,,,,Very High,Economic Releases,Labor Market,Japan,,M,,,,,,0,GMT+11:00,"Ministry of Health, Labour and Welfare, Japan",,,JBTARATE Index
376,ZA Country,29/10/2024 17:00,29/10/2024 17:00,Money Supply M3 YoY,Sep,,,,,%,High,Economic Releases,Monetary Sector,South Africa,,M,,,,,,0,GMT+11:00,South African Reserve Bank,ZAR,,SAMYM3Y Index
377,DE Country,29/10/2024 18:00,29/10/2024 18:00,GfK Consumer Confidence,Nov,,,-21.2,,,High,Economic Releases,,Germany,,M,,,,,,0,GMT+11:00,GfK SE,,,ECO1GFKC Index
378,GB Country,29/10/2024 20:30,29/10/2024 20:30,Mortgage Approvals,Sep,,,,,k,Very High,,,United Kingdom,,M,,,,,,0,GMT+11:00,Bank of England,,,UKMSVTVX Index
379,BR Country,29/10/2024 22:30,29/10/2024 22:30,Current Account Balance,Sep,,,-6588.767744,,m,High,Economic Releases,Intl Trade & BoP,Brazil,,M,,,,,,0,GMT+11:00,Banco Central do Brasil,USD,,BZCACURR Index
380,ZA Country,29/10/2024 23:00,29/10/2024 23:00,Trade Balance Rand,Sep,,,,,b,Very High,Economic Releases,Intl Trade & BoP,South Africa,,M,,,,,,0,GMT+11:00,South African Revenue Service,ZAR,,SATBAL Index
381,US Country,29/10/2024 23:30,29/10/2024 23:30,Wholesale Inventories MoM,Sep P,,,,,%,Very High,Economic Releases,Retail & Wholesale Sector,United States,Preliminary,M,,,,,,0,GMT+11:00,U.S. Census Bureau,,,MWINCHNG Index
382,US Country,30/10/2024 0:00,30/10/2024 0:00,FHFA House Price Index MoM,Aug,,,0.1,,%,High,Economic Releases,Housing and Real Estate,United States,,M,,,,,,0,GMT+11:00,Federal Housing Finance Agency,USD,,HPIMMOM% Index
383,US Country,30/10/2024 1:00,30/10/2024 1:00,Conf. Board Consumer Confidence,Oct,,,98.7,,,Very High,Economic Releases,Surveys/Cyclical Indicators,United States,,M,,,,,,0,GMT+11:00,Conference Board,,,CONCCONF Index
384,MX Country,30/10/2024 2:00,30/10/2024 2:00,International Reserves Weekly,Oct-25,,,,,m,High,Economic Releases,Monetary Sector,Mexico,,W,,,,,,0,GMT+11:00,Banco de Mexico,USD,,MXIRINUS Index
385,AU Country,30/10/2024 11:30,30/10/2024 11:30,CPI QoQ,3Q,,,1,,%,Very High,Economic Releases,Prices,Australia,,Q,,,,,,0,GMT+11:00,Australian Bureau of Statistics,,,AUCPICHG Index
386,AU Country,30/10/2024 11:30,30/10/2024 11:30,CPI YoY,3Q,,,3.8,,%,Very High,Economic Releases,Prices,Australia,,Q,,,,,,0,GMT+11:00,Australian Bureau of Statistics,,,AUCPIYOY Index
387,AU Country,30/10/2024 11:30,30/10/2024 11:30,CPI Trimmed Mean QoQ,3Q,,,0.8,,%,High,Economic Releases,Prices,Australia,,Q,,,,,,0,GMT+11:00,Australian Bureau of Statistics,,,RBCPTRIQ Index
388,AU Country,30/10/2024 11:30,30/10/2024 11:30,CPI YoY,Sep,,,2.7,,%,High,Economic Releases,Prices,Australia,,M,,,,,,0,GMT+11:00,Australian Bureau of Statistics,,,ACPMYOY Index
389,FR Country,30/10/2024 17:30,30/10/2024 17:30,GDP QoQ,3Q P,,,0.2,,%,Very High,Economic Releases,National Accounts (GDP),France,Preliminary,Q,,,,,,0,GMT+11:00,INSEE National Statistics Office of France,,,FRGEGDPQ Index
390,FR Country,30/10/2024 17:30,30/10/2024 17:30,GDP YoY,3Q P,,,1,,%,High,Economic Releases,National Accounts (GDP),France,Preliminary,Q,,,,,,0,GMT+11:00,INSEE National Statistics Office of France,,,FRGEGDPY Index
391,DE Country,30/10/2024 19:55,30/10/2024 19:55,Unemployment Change (000's),Oct,,,17,,k,Very High,Economic Releases,Labor Market,Germany,,M,,,,,,0,GMT+11:00,Deutsche Bundesbank,,,GRUECHNG Index
392,DE Country,30/10/2024 19:55,30/10/2024 19:55,Unemployment Claims Rate SA,Oct,,,6,,%,High,Economic Releases,Labor Market,Germany,,M,,,,,,0,GMT+11:00,Deutsche Bundesbank,,,GRUEPR Index
393,DE Country,30/10/2024 20:00,30/10/2024 20:00,GDP SA QoQ,3Q P,,,-0.1,,%,High,Economic Releases,National Accounts (GDP),Germany,Preliminary,Q,,,,,,0,GMT+11:00,German Federal Statistical Office,,,GRGDPPGQ Index
394,DE Country,30/10/2024 20:00,30/10/2024 20:00,GDP NSA YoY,3Q P,,,0.3,,%,High,Economic Releases,National Accounts (GDP),Germany,Preliminary,Q,,,,,,0,GMT+11:00,German Federal Statistical Office,,,GDPB95YY Index
395,DE Country,30/10/2024 20:00,30/10/2024 20:00,GDP WDA YoY,3Q P,,,0,,%,High,Economic Releases,National Accounts (GDP),Germany,Preliminary,Q,,,,,,0,GMT+11:00,German Federal Statistical Office,,,GRGDPPGY Index
396,GB Country,30/10/2024 20:00,6/11/2024 2:00,Nationwide House PX MoM,Oct,,,,,%,Very High,,,United Kingdom,,M,,,,,,0,GMT+11:00,Nationwide Building Society,,,UKNBAAMM Index
397,GB Country,30/10/2024 20:00,6/11/2024 2:00,Nationwide House Px NSA YoY,Oct,,,,,%,Very High,,,United Kingdom,,M,,,,,,0,GMT+11:00,Nationwide Building Society,,,UKNBANYY Index
398,IT Country,30/10/2024 20:00,30/10/2024 20:00,GDP WDA QoQ,3Q P,,,0.2,,%,Very High,Economic Releases,National Accounts (GDP),Italy,Preliminary,Q,,,,,,0,GMT+11:00,ISTAT,,,ITPIRLQS Index
399,IT Country,30/10/2024 20:00,30/10/2024 20:00,GDP WDA YoY,3Q P,,,0.9,,%,High,Economic Releases,National Accounts (GDP),Italy,Preliminary,Q,,,,,,0,GMT+11:00,ISTAT,,,ITPIRLYS Index
400,SA Country,30/10/2024 20:00,31/10/2024 2:00,SAMA Net Foreign Assets SAR,Sep,,,,,b,Very High,Economic Releases,,Saudi Arabia,,M,,,,,,0,GMT+11:00,Saudi Central Bank,SAR,,SAFASASR Index
401,EZ Country,30/10/2024 21:00,30/10/2024 21:00,Consumer Confidence,Oct F,,,,,,High,Economic Releases,Surveys/Cyclical Indicators,Eurozone Aggregate,Final,M,,,,,,0,GMT+11:00,European Commission,,,EUCCEMU Index
402,EZ Country,30/10/2024 21:00,30/10/2024 21:00,GDP SA QoQ,3Q A,,,0.2,,%,Very High,Economic Releases,National Accounts (GDP),Eurozone Aggregate,Advance,Q,,,,,,0,GMT+11:00,Eurostat,EUR,,EUGNEMUQ Index
403,EZ Country,30/10/2024 21:00,30/10/2024 21:00,GDP SA YoY,3Q A,,,0.6,,%,Very High,Economic Releases,National Accounts (GDP),Eurozone Aggregate,Advance,Q,,,,,,0,GMT+11:00,Eurostat,,,EUGNEMUY Index
404,BR Country,30/10/2024 22:00,30/10/2024 22:00,FGV Inflation IGPM MoM,Oct,,,0.62,,%,Very High,Economic Releases,Prices,Brazil,,M,,,,,,0,GMT+11:00,Fundacao Getulio Vargas,,,IBREGPMM Index
405,US Country,30/10/2024 22:00,30/10/2024 22:00,MBA Mortgage Applications,Oct-25,,,,,%,Very High,Economic Releases,Housing and Real Estate,United States,,W,,,,,,0,GMT+11:00,Mortgage Bankers Association,,,MBAVCHNG Index
406,BR Country,30/10/2024 22:30,30/10/2024 22:30,Total Outstanding Loans,Sep,,,6117.2,,b,High,Economic Releases,Personal/Household Sector,Brazil,,M,,,,,,0,GMT+11:00,Banco Central do Brasil,BRL,,BZLNTOTA Index
407,MX Country,30/10/2024 23:00,30/10/2024 23:00,GDP NSA YoY,3Q P,,,2.088066,,%,Very High,Economic Releases,National Accounts (GDP),Mexico,Preliminary,Q,,,,,,0,GMT+11:00,INEGI,,,MXGCTOT Index
408,MX Country,30/10/2024 23:00,30/10/2024 23:00,GDP SA QoQ,3Q P,,,0.155891,,%,High,Economic Releases,National Accounts (GDP),Mexico,Preliminary,Q,,,,,,0,GMT+11:00,INEGI,MXN,,MXGPQTR Index
409,US Country,30/10/2024 23:15,30/10/2024 23:15,ADP Employment Change,Oct,,,,,k,Very High,Economic Releases,Labor Market,United States,,M,,,,,,0,GMT+11:00,"Automatic Data Processing, Inc.",,,ADP CHNG Index
410,US Country,30/10/2024 23:30,30/10/2024 23:30,GDP Annualized QoQ,3Q A,,,3,,%,Very High,Economic Releases,National Accounts (GDP),United States,Advance,Q,,,,,,0,GMT+11:00,Bureau of Economic Analysis,,,GDP CQOQ Index
411,US Country,30/10/2024 23:30,30/10/2024 23:30,Personal Consumption,3Q A,,,2.8,,%,High,Economic Releases,National Accounts (GDP),United States,Advance,Q,,,,,,0,GMT+11:00,Bureau of Economic Analysis,,,GDPCTOT% Index
412,US Country,30/10/2024 23:30,30/10/2024 23:30,GDP Price Index,3Q A,,,2.5,,%,High,Economic Releases,Prices,United States,Advance,Q,,,,,,0,GMT+11:00,Bureau of Economic Analysis,,,GDP PIQQ Index
413,US Country,30/10/2024 23:30,30/10/2024 23:30,Core PCE Price Index QoQ,3Q A,,,2.8,,%,High,Economic Releases,,United States,Advance,Q,,,,,,0,GMT+11:00,Bureau of Economic Analysis,,,GDPCPCEC Index
414,DE Country,31/10/2024 0:00,31/10/2024 0:00,CPI YoY,Oct P,,,,,%,Very High,Economic Releases,Prices,Germany,Preliminary,M,,,,,,0,GMT+11:00,German Federal Statistical Office,,,GRCP20YY Index
415,DE Country,31/10/2024 0:00,31/10/2024 0:00,CPI MoM,Oct P,,,,,%,Very High,Economic Releases,Prices,Germany,Preliminary,M,,,,,,0,GMT+11:00,German Federal Statistical Office,,,GRCP20MM Index
416,DE Country,31/10/2024 0:00,31/10/2024 0:00,CPI EU Harmonized MoM,Oct P,,,,,%,High,Economic Releases,Prices,Germany,Preliminary,M,,,,,,0,GMT+11:00,German Federal Statistical Office,,,GRCP2HMM Index
417,DE Country,31/10/2024 0:00,31/10/2024 0:00,CPI EU Harmonized YoY,Oct P,,,,,%,Very High,Economic Releases,Prices,Germany,Preliminary,M,,,,,,0,GMT+11:00,German Federal Statistical Office,,,GRCP2HYY Index
418,US Country,31/10/2024 1:00,31/10/2024 1:00,Pending Home Sales MoM,Sep,,,0.6,,%,High,Economic Releases,Housing and Real Estate,United States,,M,,,,,,0,GMT+11:00,National Assoc. of Realtors,USD,,USPHTMOM Index
419,RU Country,31/10/2024 3:00,31/10/2024 3:00,Retail Sales Real YoY,Sep,,,,,%,Very High,Economic Releases,,Russia,,M,,,,,,0,GMT+11:00,Federal Service of State Statistics,,,RURSRYOY Index
420,RU Country,31/10/2024 3:00,31/10/2024 3:00,Unemployment Rate,Sep,,,,,%,Very High,Economic Releases,Labor Market,Russia,,M,,,,,,0,GMT+11:00,Federal Service of State Statistics,,,RUUER Index
421,RU Country,31/10/2024 3:00,31/10/2024 3:00,CPI WoW,Oct-28,,,,,%,High,Economic Releases,,Russia,,D,,,,,,0,GMT+11:00,Federal Service of State Statistics,,,RUWCWOW Index
422,KR Country,31/10/2024 10:00,31/10/2024 10:00,Industrial Production YoY,Sep,,,3.8,,%,Very High,Economic Releases,Industrial Sector,South Korea,,M,,,,,,0,GMT+11:00,Statistics Korea,,,KOIPIY Index
423,KR Country,31/10/2024 10:00,31/10/2024 10:00,Industrial Production SA MoM,Sep,,,4.1,,%,High,Economic Releases,Industrial Sector,South Korea,,M,,,,,,0,GMT+11:00,Statistics Korea,,,KOIPIMOM Index
424,JP Country,31/10/2024 10:50,31/10/2024 10:50,Industrial Production MoM,Sep P,,,,,%,Very High,Economic Releases,Industrial Sector,Japan,Preliminary,M,,,,,,0,GMT+11:00,Ministry of Economy Trade and Industry Japan,,,JNIPMOM Index
425,JP Country,31/10/2024 10:50,31/10/2024 10:50,Industrial Production YoY,Sep P,,,,,%,High,Economic Releases,Industrial Sector,Japan,Preliminary,M,,,,,,0,GMT+11:00,Ministry of Economy Trade and Industry Japan,,,JNIPYOY Index
426,JP Country,31/10/2024 10:50,31/10/2024 10:50,Retail Sales YoY,Sep,,,2.8,,%,High,Economic Releases,Retail & Wholesale Sector,Japan,,M,,,,,,0,GMT+11:00,Ministry of Economy Trade and Industry Japan,,,JNNETYOY Index
427,JP Country,31/10/2024 10:50,31/10/2024 10:50,Retail Sales MoM,Sep,,,0.8,,%,High,Economic Releases,Retail & Wholesale Sector,Japan,,M,,,,,,0,GMT+11:00,Ministry of Economy Trade and Industry Japan,,,JNRETMOM Index
428,AU Country,31/10/2024 11:30,31/10/2024 11:30,Building Approvals MoM,Sep,,,,,%,Very High,Economic Releases,Housing and Real Estate,Australia,,M,,,,,,0,GMT+11:00,Australian Bureau of Statistics,AUD,,AUBAC Index
429,AU Country,31/10/2024 11:30,31/10/2024 11:30,Retail Sales MoM,Sep,,,,,%,Very High,Economic Releases,Retail & Wholesale Sector,Australia,,M,,,,,,0,GMT+11:00,Australian Bureau of Statistics,,,AURSTSA Index
430,AU Country,31/10/2024 11:30,31/10/2024 11:30,Private Sector Credit MoM,Sep,,,,,%,High,Economic Releases,,Australia,,M,,,,,,0,GMT+11:00,Reserve Bank of Australia,,,OZCACRM% Index
431,AU Country,31/10/2024 11:30,31/10/2024 11:30,Private Sector Credit YoY,Sep,,,,,%,High,Economic Releases,,Australia,,M,,,,,,0,GMT+11:00,Reserve Bank of Australia,,,OZCACRY% Index
432,CN Country,31/10/2024 12:30,31/10/2024 12:30,Manufacturing PMI,Oct,,,,,,Very High,Economic Releases,"Surveys/Cyclical Indicators, Purchasing Managers' Index",China,,M,,,,,,0,GMT+11:00,China Federation of Logistics & Purchasing,,,CPMINDX Index
433,CN Country,31/10/2024 12:30,31/10/2024 12:30,Non-manufacturing PMI,Oct,,,,,,High,Economic Releases,"Surveys/Cyclical Indicators, Purchasing Managers' Index",China,,M,,,,,,0,GMT+11:00,China Federation of Logistics & Purchasing,,,CPMINMAN Index
434,JP Country,31/10/2024 16:00,31/10/2024 16:00,Housing Starts YoY,Sep,,,,,%,High,Economic Releases,Housing and Real Estate,Japan,,M,,,,,,0,GMT+11:00,"Ministry of Land, Infrastructure and Transport",,,JNHSYOY Index
435,FR Country,31/10/2024 18:45,31/10/2024 18:45,CPI EU Harmonized MoM,Oct P,,,,,%,High,Economic Releases,Prices,France,Preliminary,M,,,,,,0,GMT+11:00,INSEE National Statistics Office of France,,,FRCPEECM Index
436,FR Country,31/10/2024 18:45,31/10/2024 18:45,CPI EU Harmonized YoY,Oct P,,,,,%,High,Economic Releases,Prices,France,Preliminary,M,,,,,,0,GMT+11:00,INSEE National Statistics Office of France,,,FRCPEECY Index
437,FR Country,31/10/2024 18:45,31/10/2024 18:45,CPI MoM,Oct P,,,,,%,High,Economic Releases,Prices,France,Preliminary,M,,,,,,0,GMT+11:00,INSEE National Statistics Office of France,,,FRCPIMOM Index
438,FR Country,31/10/2024 18:45,31/10/2024 18:45,CPI YoY,Oct P,,,,,%,Very High,Economic Releases,Prices,France,Preliminary,M,,,,,,0,GMT+11:00,INSEE National Statistics Office of France,,,FRCPIYOY Index
439,TR Country,31/10/2024 19:00,31/10/2024 19:00,Trade Balance,Sep,,,-4.991945,,b,Very High,Economic Releases,,Turkey,,M,,,,,,0,GMT+11:00,Turkish Statistical Institute,USD,,TUTBALBN Index
440,TR Country,31/10/2024 19:00,31/10/2024 19:00,Foreign Tourist Arrivals YoY,Sep,,,2.47,,%,High,Economic Releases,,Turkey,,M,,,,,,0,GMT+11:00,Turkish Statistical Institute,,,TUTOARFY Index
441,IT Country,31/10/2024 20:00,31/10/2024 20:00,Unemployment Rate,Sep,,,,,%,High,Economic Releases,Labor Market,Italy,,M,,,,,,0,GMT+11:00,ISTAT,,,ITMUURS Index
442,JP Country,31/10/2024 20:00,1/11/2024 2:00,BOJ Target Rate,Oct-31,,,0.25,,%,Very High,Economic Releases,Financial Indicators,Japan,,D,,,,,,0,GMT+11:00,Bank of Japan,JPY,,BOJDTR Index
443,EZ Country,31/10/2024 21:00,31/10/2024 21:00,CPI Estimate YoY,Oct,,,,,%,High,Economic Releases,Prices,Eurozone Aggregate,,M,,,,,,0,GMT+11:00,Eurostat,,,ECCPEST Index
444,EZ Country,31/10/2024 21:00,31/10/2024 21:00,CPI MoM,Oct P,,,,,%,Very High,Economic Releases,Prices,Eurozone Aggregate,Preliminary,M,,,,,,0,GMT+11:00,Eurostat,EUR,,ECCPEMUM Index
445,EZ Country,31/10/2024 21:00,31/10/2024 21:00,CPI Core YoY,Oct P,,,,,%,High,Economic Releases,Prices,Eurozone Aggregate,Preliminary,M,,,,,,0,GMT+11:00,Eurostat,EUR,,CPEXEMUY Index
446,EZ Country,31/10/2024 21:00,31/10/2024 21:00,Unemployment Rate,Sep,,,,,%,High,Economic Releases,Labor Market,Eurozone Aggregate,,M,,,,,,0,GMT+11:00,Eurostat,,,UMRTEMU Index
447,IT Country,31/10/2024 21:00,31/10/2024 21:00,CPI EU Harmonized MoM,Oct P,,,,,%,Very High,Economic Releases,Prices,Italy,Preliminary,M,,,,,,0,GMT+11:00,ISTAT,,,ITCPEM Index
448,IT Country,31/10/2024 21:00,31/10/2024 21:00,CPI EU Harmonized YoY,Oct P,,,,,%,Very High,Economic Releases,Prices,Italy,Preliminary,M,,,,,,0,GMT+11:00,ISTAT,,,ITCPEY Index
449,ZA Country,31/10/2024 21:30,31/10/2024 21:30,PPI YoY,Sep,,,2.8,,%,High,Economic Releases,Prices,South Africa,,M,,,,,,0,GMT+11:00,Statistics South Africa,,,SAPRFMGY Index
450,BR Country,31/10/2024 22:30,31/10/2024 22:30,Net Debt % GDP,Sep,,,,,%,High,Economic Releases,Government Finance & Debt,Brazil,,M,,,,,,0,GMT+11:00,Banco Central do Brasil,,,BZDPNDT% Index
451,CA Country,31/10/2024 23:30,31/10/2024 23:30,GDP YoY,Aug,,,1.5,,%,High,Economic Releases,National Accounts (GDP),Canada,,M,,,,,,0,GMT+11:00,STCA - Statistics Canada,,,CAGDPYOY Index
452,CA Country,31/10/2024 23:30,31/10/2024 23:30,GDP MoM,Aug,,,0.2,,%,Very High,Economic Releases,National Accounts (GDP),Canada,,M,,,,,,0,GMT+11:00,STCA - Statistics Canada,,,CAGDPMOM Index
453,US Country,31/10/2024 23:30,31/10/2024 23:30,Employment Cost Index,3Q,,,0.9,,%,High,Economic Releases,Labor Market,United States,,Q,,,,,,0,GMT+11:00,Bureau of Labor Statistics,,,ECI SA% Index
454,US Country,31/10/2024 23:30,31/10/2024 23:30,Personal Income,Sep,,,0.2,,%,Very High,Economic Releases,Personal/Household Sector,United States,,M,,,,,,0,GMT+11:00,Bureau of Economic Analysis,,,PITLCHNG Index
455,US Country,31/10/2024 23:30,31/10/2024 23:30,Personal Spending,Sep,,,0.2,,%,Very High,Economic Releases,Personal/Household Sector,United States,,M,,,,,,0,GMT+11:00,Bureau of Economic Analysis,,,PCE CRCH Index
456,US Country,31/10/2024 23:30,31/10/2024 23:30,Core PCE Price Index MoM,Sep,,,0.1,,%,High,Economic Releases,"Prices, Personal/Household Sector",United States,,M,,,,,,0,GMT+11:00,Bureau of Economic Analysis,,,PCE CMOM Index
457,US Country,31/10/2024 23:30,31/10/2024 23:30,Core PCE Price Index YoY,Sep,,,2.7,,%,High,Economic Releases,"Prices, Personal/Household Sector",United States,,M,,,,,,0,GMT+11:00,Bureau of Economic Analysis,,,PCE CYOY Index
458,US Country,31/10/2024 23:30,31/10/2024 23:30,Initial Jobless Claims,Oct-26,,,,,k,Very High,Economic Releases,Labor Market,United States,,W,,,,,,0,GMT+11:00,Department of Labor,,,INJCJC Index
459,US Country,31/10/2024 23:30,31/10/2024 23:30,Continuing Claims,Oct-19,,,,,k,High,Economic Releases,Labor Market,United States,,W,,,,,,0,GMT+11:00,Department of Labor,,,INJCSP Index
460,RU Country,1/11/2024 0:00,1/11/2024 0:00,Gold and Forex Reserve,Oct-25,,,,,b,Very High,Economic Releases,Metals,Russia,,W,,,,,,0,GMT+11:00,The Central Bank of the Russian Federation,USD,,RUREFEG Index
461,US Country,1/11/2024 0:45,1/11/2024 0:45,MNI Chicago PMI,Oct,,,,,,Very High,Economic Releases,"Surveys/Cyclical Indicators, Purchasing Managers' Index",United States,,M,,,,,,0,GMT+11:00,Market News International,USD,,CHPMINDX Index